rule,mark,self_buy_floor,flow_mult,max_entry_mult,trail_pct,tp_mult,hard_stop_pct,time_stop_s,loop1_triggers,loop1_wins,loop1_pnl_usd,loop1_pnl_ex_best_usd,loop1_hits_caught,loop1_misses_entered,loop1_worst_usd,loop1_median_usd,loop2_triggers,loop2_wins,loop2_pnl_usd,loop2_pnl_ex_best_usd,loop2_hits_caught,loop2_misses_entered,loop2_worst_usd,loop2_median_usd,min_ex_best,total_pnl,wr
hold,120,0.2,1.5,0,0.4,0,0.3,900,16,7,436.71,250.83,12,4,-31.1,-7.74,9,4,287.26,-122.72,3,6,-52.18,-1.42,-122.72,723.97,0.44
hold,120,0.2,1.5,0,0.4,0,0.3,1800,16,7,1378.97,503.65,12,4,-31.1,-7.74,9,5,324.47,-75.89,3,6,-52.18,2.93,-75.89,1703.44,0.48
hold,120,0.2,1.5,0,0.4,0,0.5,900,16,9,557.59,371.71,12,4,-31.1,18.7,9,4,287.26,-122.72,3,6,-52.18,-1.42,-122.72,844.85,0.52
hold,120,0.2,1.5,0,0.4,0,0.5,1800,16,9,1443.27,567.95,12,4,-31.1,16.71,9,5,324.47,-75.89,3,6,-52.18,2.93,-75.89,1767.74,0.56
hold,120,0.2,1.5,0,0.4,5,0.3,900,16,7,489.07,294.88,12,4,-31.1,-7.74,9,4,213.57,-122.72,3,6,-52.18,-1.42,-122.72,702.64,0.44
hold,120,0.2,1.5,0,0.4,5,0.3,1800,16,7,707.39,506.91,12,4,-31.1,-7.74,9,5,260.4,-75.89,3,6,-52.18,2.93,-75.89,967.79,0.48
hold,120,0.2,1.5,0,0.4,5,0.5,900,16,9,609.95,415.76,12,4,-31.1,18.7,9,4,213.57,-122.72,3,6,-52.18,-1.42,-122.72,823.52,0.52
hold,120,0.2,1.5,0,0.4,5,0.5,1800,16,9,771.69,571.21,12,4,-31.1,16.71,9,5,260.4,-75.89,3,6,-52.18,2.93,-75.89,1032.0900000000001,0.56
hold,120,0.2,1.5,0,0.5,0,0.3,900,16,8,427.11,241.23,12,4,-31.1,-1.74,9,4,280.27,-129.71,3,6,-52.18,-1.42,-129.71,707.38,0.48
hold,120,0.2,1.5,0,0.5,0,0.3,1800,16,7,1346.16,470.84,12,4,-31.1,-5.81,9,5,793.21,13.2,3,6,-52.18,2.93,13.2,2139.37,0.48
hold,120,0.2,1.5,0,0.5,0,0.5,900,16,10,547.99,362.11,12,4,-31.1,22.12,9,4,280.27,-129.71,3,6,-52.18,-1.42,-129.71,828.26,0.56
hold,120,0.2,1.5,0,0.5,0,0.5,1800,16,9,1419.38,544.06,12,4,-31.1,12.02,9,5,793.21,13.2,3,6,-52.18,2.93,13.2,2212.59,0.56
hold,120,0.2,1.5,0,0.5,5,0.3,900,16,8,506.52,312.33,12,4,-31.1,-1.74,9,4,206.58,-129.71,3,6,-52.18,-1.42,-129.71,713.1,0.48
hold,120,0.2,1.5,0,0.5,5,0.3,1800,16,8,4034.88,717.63,12,4,-31.1,4.81,9,5,349.49,13.2,3,6,-52.18,2.93,13.2,4384.37,0.52
hold,120,0.2,1.5,0,0.5,5,0.5,900,16,10,627.4,433.21,12,4,-31.1,22.12,9,4,206.58,-129.71,3,6,-52.18,-1.42,-129.71,833.98,0.56
hold,120,0.2,1.5,0,0.5,5,0.5,1800,16,10,4108.1,790.85,12,4,-31.1,16.26,9,5,349.49,13.2,3,6,-52.18,2.93,13.2,4457.59,0.6
hold,120,0.2,1.5,3,0.4,0,0.3,900,4,2,143.82,-42.06,2,2,-30.18,-5.94,2,1,382.78,-27.2,1,1,-27.2,191.39,-42.06,526.5999999999999,0.5
hold,120,0.2,1.5,3,0.4,0,0.3,1800,4,2,848.05,-27.27,2,2,-30.18,1.46,2,1,373.16,-27.2,1,1,-27.2,186.58,-27.27,1221.21,0.5
hold,120,0.2,1.5,3,0.4,0,0.5,900,4,2,134.83,-51.05,2,2,-30.18,-10.43,2,1,382.78,-27.2,1,1,-27.2,191.39,-51.05,517.61,0.5
hold,120,0.2,1.5,3,0.4,0,0.5,1800,4,2,839.06,-36.26,2,2,-30.18,-3.04,2,1,373.16,-27.2,1,1,-27.2,186.58,-36.26,1212.22,0.5
hold,120,0.2,1.5,3,0.4,5,0.3,900,4,2,152.13,-42.06,2,2,-30.18,-5.94,2,1,309.09,-27.2,1,1,-27.2,154.54,-42.06,461.21999999999997,0.5
hold,120,0.2,1.5,3,0.4,5,0.3,1800,4,2,166.92,-27.27,2,2,-30.18,1.46,2,1,309.09,-27.2,1,1,-27.2,154.54,-27.27,476.01,0.5
hold,120,0.2,1.5,3,0.4,5,0.5,900,4,2,143.14,-51.05,2,2,-30.18,-10.43,2,1,309.09,-27.2,1,1,-27.2,154.54,-51.05,452.22999999999996,0.5
hold,120,0.2,1.5,3,0.4,5,0.5,1800,4,2,157.93,-36.26,2,2,-30.18,-3.04,2,1,309.09,-27.2,1,1,-27.2,154.54,-36.26,467.02,0.5
hold,120,0.2,1.5,3,0.5,0,0.3,900,4,2,143.82,-42.06,2,2,-30.18,-5.94,2,1,382.78,-27.2,1,1,-27.2,191.39,-42.06,526.5999999999999,0.5
hold,120,0.2,1.5,3,0.5,0,0.3,1800,4,2,848.05,-27.27,2,2,-30.18,1.46,2,1,752.81,-27.2,1,1,-27.2,376.4,-27.27,1600.86,0.5
hold,120,0.2,1.5,3,0.5,0,0.5,900,4,2,134.83,-51.05,2,2,-30.18,-10.43,2,1,382.78,-27.2,1,1,-27.2,191.39,-51.05,517.61,0.5
hold,120,0.2,1.5,3,0.5,0,0.5,1800,4,2,839.06,-36.26,2,2,-30.18,-3.04,2,1,752.81,-27.2,1,1,-27.2,376.4,-36.26,1591.87,0.5
hold,120,0.2,1.5,3,0.5,5,0.3,900,4,2,152.13,-42.06,2,2,-30.18,-5.94,2,1,309.09,-27.2,1,1,-27.2,154.54,-42.06,461.21999999999997,0.5
hold,120,0.2,1.5,3,0.5,5,0.3,1800,4,2,166.92,-27.27,2,2,-30.18,1.46,2,1,309.09,-27.2,1,1,-27.2,154.54,-27.27,476.01,0.5
hold,120,0.2,1.5,3,0.5,5,0.5,900,4,2,143.14,-51.05,2,2,-30.18,-10.43,2,1,309.09,-27.2,1,1,-27.2,154.54,-51.05,452.22999999999996,0.5
hold,120,0.2,1.5,3,0.5,5,0.5,1800,4,2,157.93,-36.26,2,2,-30.18,-3.04,2,1,309.09,-27.2,1,1,-27.2,154.54,-36.26,467.02,0.5
hold,120,0.2,1.5,5,0.4,0,0.3,900,6,4,351.8,165.92,4,2,-30.18,34.58,6,3,353.97,-56.01,2,4,-51.98,2.26,-56.01,705.77,0.5833333333333334
hold,120,0.2,1.5,5,0.4,0,0.3,1800,6,4,1049.41,174.09,4,2,-30.18,38.67,6,4,391.18,-9.18,2,4,-51.98,5.49,-9.18,1440.5900000000001,0.6666666666666666
hold,120,0.2,1.5,5,0.4,0,0.5,900,6,4,342.81,156.93,4,2,-30.18,34.58,6,3,353.97,-56.01,2,4,-51.98,2.26,-56.01,696.78,0.5833333333333334
hold,120,0.2,1.5,5,0.4,0,0.5,1800,6,4,1040.42,165.1,4,2,-30.18,38.67,6,4,391.18,-9.18,2,4,-51.98,5.49,-9.18,1431.6000000000001,0.6666666666666666
hold,120,0.2,1.5,5,0.4,5,0.3,900,6,4,404.16,209.97,4,2,-30.18,34.58,6,3,280.28,-56.01,2,4,-51.98,2.26,-56.01,684.44,0.5833333333333334
hold,120,0.2,1.5,5,0.4,5,0.3,1800,6,4,412.33,218.14,4,2,-30.18,38.67,6,4,327.11,-9.18,2,4,-51.98,5.49,-9.18,739.44,0.6666666666666666
hold,120,0.2,1.5,5,0.4,5,0.5,900,6,4,395.17,200.98,4,2,-30.18,34.58,6,3,280.28,-56.01,2,4,-51.98,2.26,-56.01,675.45,0.5833333333333334
hold,120,0.2,1.5,5,0.4,5,0.5,1800,6,4,403.34,209.15,4,2,-30.18,38.67,6,4,327.11,-9.18,2,4,-51.98,5.49,-9.18,730.45,0.6666666666666666
hold,120,0.2,1.5,5,0.5,0,0.3,900,6,4,324.75,138.87,4,2,-30.18,34.58,6,3,353.97,-56.01,2,4,-51.98,2.26,-56.01,678.72,0.5833333333333334
hold,120,0.2,1.5,5,0.5,0,0.3,1800,6,4,1022.36,147.04,4,2,-30.18,38.67,6,4,770.83,-9.18,2,4,-51.98,5.49,-9.18,1793.19,0.6666666666666666
hold,120,0.2,1.5,5,0.5,0,0.5,900,6,4,315.76,129.88,4,2,-30.18,34.58,6,3,353.97,-56.01,2,4,-51.98,2.26,-56.01,669.73,0.5833333333333334
hold,120,0.2,1.5,5,0.5,0,0.5,1800,6,4,1013.37,138.05,4,2,-30.18,38.67,6,4,770.83,-9.18,2,4,-51.98,5.49,-9.18,1784.2,0.6666666666666666
hold,120,0.2,1.5,5,0.5,5,0.3,900,6,4,404.16,209.97,4,2,-30.18,34.58,6,3,280.28,-56.01,2,4,-51.98,2.26,-56.01,684.44,0.5833333333333334
hold,120,0.2,1.5,5,0.5,5,0.3,1800,6,4,412.33,218.14,4,2,-30.18,38.67,6,4,327.11,-9.18,2,4,-51.98,5.49,-9.18,739.44,0.6666666666666666
hold,120,0.2,1.5,5,0.5,5,0.5,900,6,4,395.17,200.98,4,2,-30.18,34.58,6,3,280.28,-56.01,2,4,-51.98,2.26,-56.01,675.45,0.5833333333333334
hold,120,0.2,1.5,5,0.5,5,0.5,1800,6,4,403.34,209.15,4,2,-30.18,38.67,6,4,327.11,-9.18,2,4,-51.98,5.49,-9.18,730.45,0.6666666666666666
hold,120,0.35,1.5,0,0.4,0,0.3,900,10,4,310.15,124.27,9,1,-20.81,-7.74,7,3,-95.52,-132.97,2,5,-52.18,-1.42,-132.97,214.63,0.4117647058823529
hold,120,0.35,1.5,0,0.4,0,0.3,1800,10,4,974.95,99.63,9,1,-20.81,-7.74,7,4,-48.69,-107.71,2,5,-52.18,2.93,-107.71,926.26,0.47058823529411764
hold,120,0.35,1.5,0,0.4,0,0.5,900,10,6,440.02,254.14,9,1,-15.42,22.7,7,3,-95.52,-132.97,2,5,-52.18,-1.42,-132.97,344.5,0.5294117647058824
hold,120,0.35,1.5,0,0.4,0,0.5,1800,10,6,1048.24,172.92,9,1,-15.42,16.71,7,4,-48.69,-107.71,2,5,-52.18,2.93,-107.71,999.55,0.5882352941176471
hold,120,0.35,1.5,0,0.4,5,0.3,900,10,4,362.51,168.32,9,1,-20.81,-7.74,7,3,-95.52,-132.97,2,5,-52.18,-1.42,-132.97,266.99,0.4117647058823529
hold,120,0.35,1.5,0,0.4,5,0.3,1800,10,4,337.87,143.68,9,1,-20.81,-7.74,7,4,-48.69,-107.71,2,5,-52.18,2.93,-107.71,289.18,0.47058823529411764
hold,120,0.35,1.5,0,0.4,5,0.5,900,10,6,492.38,298.19,9,1,-15.42,22.7,7,3,-95.52,-132.97,2,5,-52.18,-1.42,-132.97,396.86,0.5294117647058824
hold,120,0.35,1.5,0,0.4,5,0.5,1800,10,6,411.16,216.97,9,1,-15.42,16.71,7,4,-48.69,-107.71,2,5,-52.18,2.93,-107.71,362.47,0.5882352941176471
hold,120,0.35,1.5,0,0.5,0,0.3,900,10,5,300.55,114.67,9,1,-20.81,-1.74,7,3,-102.51,-132.97,2,5,-52.18,-1.42,-132.97,198.04000000000002,0.47058823529411764
hold,120,0.35,1.5,0,0.5,0,0.3,1800,10,4,942.14,66.82,9,1,-20.81,-5.81,7,4,40.4,-86.14,2,5,-52.18,2.93,-86.14,982.54,0.47058823529411764
hold,120,0.35,1.5,0,0.5,0,0.5,900,10,7,430.42,244.54,9,1,-15.91,26.14,7,3,-102.51,-132.97,2,5,-52.18,-1.42,-132.97,327.91,0.5882352941176471
hold,120,0.35,1.5,0,0.5,0,0.5,1800,10,6,1024.35,149.03,9,1,-16.0,12.02,7,4,40.4,-86.14,2,5,-52.18,2.93,-86.14,1064.75,0.5882352941176471
hold,120,0.35,1.5,0,0.5,5,0.3,900,10,5,379.96,185.77,9,1,-20.81,-1.74,7,3,-102.51,-132.97,2,5,-52.18,-1.42,-132.97,277.45,0.47058823529411764
hold,120,0.35,1.5,0,0.5,5,0.3,1800,10,5,3665.36,348.11,9,1,-20.81,4.81,7,4,40.4,-86.14,2,5,-52.18,2.93,-86.14,3705.76,0.5294117647058824
hold,120,0.35,1.5,0,0.5,5,0.5,900,10,7,509.83,315.64,9,1,-15.91,26.14,7,3,-102.51,-132.97,2,5,-52.18,-1.42,-132.97,407.32,0.5882352941176471
hold,120,0.35,1.5,0,0.5,5,0.5,1800,10,7,3747.57,430.32,9,1,-15.42,16.26,7,4,40.4,-86.14,2,5,-52.18,2.93,-86.14,3787.9700000000003,0.6470588235294118
hold,120,0.35,1.5,3,0.4,0,0.3,900,2,2,191.32,5.44,2,0,5.44,95.66,0,0,0.0,0.0,0,0,0.0,0.0,0.0,191.32,1.0
hold,120,0.35,1.5,3,0.4,0,0.3,1800,2,2,895.55,20.23,2,0,20.23,447.78,0,0,0.0,0.0,0,0,0.0,0.0,0.0,895.55,1.0
hold,120,0.35,1.5,3,0.4,0,0.5,900,2,2,191.32,5.44,2,0,5.44,95.66,0,0,0.0,0.0,0,0,0.0,0.0,0.0,191.32,1.0
hold,120,0.35,1.5,3,0.4,0,0.5,1800,2,2,895.55,20.23,2,0,20.23,447.78,0,0,0.0,0.0,0,0,0.0,0.0,0.0,895.55,1.0
hold,120,0.35,1.5,3,0.4,5,0.3,900,2,2,199.63,5.44,2,0,5.44,99.82,0,0,0.0,0.0,0,0,0.0,0.0,0.0,199.63,1.0
hold,120,0.35,1.5,3,0.4,5,0.3,1800,2,2,214.42,20.23,2,0,20.23,107.21,0,0,0.0,0.0,0,0,0.0,0.0,0.0,214.42,1.0
hold,120,0.35,1.5,3,0.4,5,0.5,900,2,2,199.63,5.44,2,0,5.44,99.82,0,0,0.0,0.0,0,0,0.0,0.0,0.0,199.63,1.0
hold,120,0.35,1.5,3,0.4,5,0.5,1800,2,2,214.42,20.23,2,0,20.23,107.21,0,0,0.0,0.0,0,0,0.0,0.0,0.0,214.42,1.0
hold,120,0.35,1.5,3,0.5,0,0.3,900,2,2,191.32,5.44,2,0,5.44,95.66,0,0,0.0,0.0,0,0,0.0,0.0,0.0,191.32,1.0
hold,120,0.35,1.5,3,0.5,0,0.3,1800,2,2,895.55,20.23,2,0,20.23,447.78,0,0,0.0,0.0,0,0,0.0,0.0,0.0,895.55,1.0
hold,120,0.35,1.5,3,0.5,0,0.5,900,2,2,191.32,5.44,2,0,5.44,95.66,0,0,0.0,0.0,0,0,0.0,0.0,0.0,191.32,1.0
hold,120,0.35,1.5,3,0.5,0,0.5,1800,2,2,895.55,20.23,2,0,20.23,447.78,0,0,0.0,0.0,0,0,0.0,0.0,0.0,895.55,1.0
hold,120,0.35,1.5,3,0.5,5,0.3,900,2,2,199.63,5.44,2,0,5.44,99.82,0,0,0.0,0.0,0,0,0.0,0.0,0.0,199.63,1.0
hold,120,0.35,1.5,3,0.5,5,0.3,1800,2,2,214.42,20.23,2,0,20.23,107.21,0,0,0.0,0.0,0,0,0.0,0.0,0.0,214.42,1.0
hold,120,0.35,1.5,3,0.5,5,0.5,900,2,2,199.63,5.44,2,0,5.44,99.82,0,0,0.0,0.0,0,0,0.0,0.0,0.0,199.63,1.0
hold,120,0.35,1.5,3,0.5,5,0.5,1800,2,2,214.42,20.23,2,0,20.23,107.21,0,0,0.0,0.0,0,0,0.0,0.0,0.0,214.42,1.0
hold,120,0.35,1.5,5,0.4,0,0.3,900,3,3,335.57,149.69,3,0,5.44,144.25,4,2,-28.81,-47.47,1,3,-51.98,2.26,-47.47,306.76,0.7142857142857143
hold,120,0.35,1.5,5,0.4,0,0.3,1800,3,3,1039.8,164.48,3,0,20.23,144.25,4,3,18.02,-41.0,1,3,-51.98,5.49,-41.0,1057.82,0.8571428571428571
hold,120,0.35,1.5,5,0.4,0,0.5,900,3,3,335.57,149.69,3,0,5.44,144.25,4,2,-28.81,-47.47,1,3,-51.98,2.26,-47.47,306.76,0.7142857142857143
hold,120,0.35,1.5,5,0.4,0,0.5,1800,3,3,1039.8,164.48,3,0,20.23,144.25,4,3,18.02,-41.0,1,3,-51.98,5.49,-41.0,1057.82,0.8571428571428571
hold,120,0.35,1.5,5,0.4,5,0.3,900,3,3,387.93,193.74,3,0,5.44,188.3,4,2,-28.81,-47.47,1,3,-51.98,2.26,-47.47,359.12,0.7142857142857143
hold,120,0.35,1.5,5,0.4,5,0.3,1800,3,3,402.72,208.53,3,0,20.23,188.3,4,3,18.02,-41.0,1,3,-51.98,5.49,-41.0,420.74,0.8571428571428571
hold,120,0.35,1.5,5,0.4,5,0.5,900,3,3,387.93,193.74,3,0,5.44,188.3,4,2,-28.81,-47.47,1,3,-51.98,2.26,-47.47,359.12,0.7142857142857143
hold,120,0.35,1.5,5,0.4,5,0.5,1800,3,3,402.72,208.53,3,0,20.23,188.3,4,3,18.02,-41.0,1,3,-51.98,5.49,-41.0,420.74,0.8571428571428571
hold,120,0.35,1.5,5,0.5,0,0.3,900,3,3,308.52,122.64,3,0,5.44,117.2,4,2,-28.81,-47.47,1,3,-51.98,2.26,-47.47,279.71,0.7142857142857143
hold,120,0.35,1.5,5,0.5,0,0.3,1800,3,3,1012.75,137.43,3,0,20.23,117.2,4,3,18.02,-41.0,1,3,-51.98,5.49,-41.0,1030.77,0.8571428571428571
hold,120,0.35,1.5,5,0.5,0,0.5,900,3,3,308.52,122.64,3,0,5.44,117.2,4,2,-28.81,-47.47,1,3,-51.98,2.26,-47.47,279.71,0.7142857142857143
hold,120,0.35,1.5,5,0.5,0,0.5,1800,3,3,1012.75,137.43,3,0,20.23,117.2,4,3,18.02,-41.0,1,3,-51.98,5.49,-41.0,1030.77,0.8571428571428571
hold,120,0.35,1.5,5,0.5,5,0.3,900,3,3,387.93,193.74,3,0,5.44,188.3,4,2,-28.81,-47.47,1,3,-51.98,2.26,-47.47,359.12,0.7142857142857143
hold,120,0.35,1.5,5,0.5,5,0.3,1800,3,3,402.72,208.53,3,0,20.23,188.3,4,3,18.02,-41.0,1,3,-51.98,5.49,-41.0,420.74,0.8571428571428571
hold,120,0.35,1.5,5,0.5,5,0.5,900,3,3,387.93,193.74,3,0,5.44,188.3,4,2,-28.81,-47.47,1,3,-51.98,2.26,-47.47,359.12,0.7142857142857143
hold,120,0.35,1.5,5,0.5,5,0.5,1800,3,3,402.72,208.53,3,0,20.23,188.3,4,3,18.02,-41.0,1,3,-51.98,5.49,-41.0,420.74,0.8571428571428571
hold,180,0.2,1.5,0,0.4,0,0.3,900,14,9,536.78,394.73,12,2,-17.41,20.8,9,4,260.7,-149.76,3,6,-52.72,-5.37,-149.76,797.48,0.5652173913043478
hold,180,0.2,1.5,0,0.4,0,0.3,1800,14,9,1162.47,505.87,12,2,-17.41,20.34,9,4,248.74,-103.64,3,6,-52.72,-1.38,-103.64,1411.21,0.5652173913043478
hold,180,0.2,1.5,0,0.4,0,0.5,900,14,10,559.72,417.67,12,2,-26.38,20.8,9,4,260.7,-149.76,3,6,-52.72,-5.37,-149.76,820.4200000000001,0.6086956521739131
hold,180,0.2,1.5,0,0.4,0,0.5,1800,14,9,1154.06,497.46,12,2,-26.38,20.34,9,4,248.74,-103.64,3,6,-52.72,-1.38,-103.64,1402.8,0.5652173913043478
hold,180,0.2,1.5,0,0.4,5,0.3,900,14,9,607.23,407.18,12,2,-17.41,20.8,9,4,145.38,-149.76,3,6,-52.72,-5.37,-149.76,752.61,0.5652173913043478
hold,180,0.2,1.5,0,0.4,5,0.3,1800,14,9,744.58,533.39,12,2,-17.41,20.34,9,4,191.5,-103.64,3,6,-52.72,-1.38,-103.64,936.08,0.5652173913043478
hold,180,0.2,1.5,0,0.4,5,0.5,900,14,10,630.17,430.12,12,2,-26.38,20.8,9,4,145.38,-149.76,3,6,-52.72,-5.37,-149.76,775.55,0.6086956521739131
hold,180,0.2,1.5,0,0.4,5,0.5,1800,14,10,4040.78,752.51,12,2,-26.38,29.82,9,4,191.5,-103.64,3,6,-52.72,-1.38,-103.64,4232.280000000001,0.6086956521739131
hold,180,0.2,1.5,0,0.5,0,0.3,900,14,10,531.32,389.27,12,2,-17.41,20.8,9,4,279.11,-131.35,3,6,-52.72,-5.37,-131.35,810.4300000000001,0.6086956521739131
hold,180,0.2,1.5,0,0.5,0,0.3,1800,14,9,1145.22,488.62,12,2,-17.41,23.33,9,4,657.98,-34.11,3,6,-52.72,-1.38,-34.11,1803.2,0.5652173913043478
hold,180,0.2,1.5,0,0.5,0,0.5,900,14,11,554.26,412.21,12,2,-26.38,20.8,9,4,279.11,-131.35,3,6,-52.72,-5.37,-131.35,833.37,0.6521739130434783
hold,180,0.2,1.5,0,0.5,0,0.5,1800,14,9,1136.81,480.21,12,2,-26.38,23.33,9,4,657.98,-34.11,3,6,-52.72,-1.38,-34.11,1794.79,0.5652173913043478
hold,180,0.2,1.5,0,0.5,5,0.3,900,14,10,626.79,426.74,12,2,-17.41,20.8,9,4,163.79,-131.35,3,6,-52.72,-5.37,-131.35,790.5799999999999,0.6086956521739131
hold,180,0.2,1.5,0,0.5,5,0.3,1800,14,9,752.35,541.16,12,2,-17.41,23.33,9,4,261.03,-34.11,3,6,-52.72,-1.38,-34.11,1013.38,0.5652173913043478
hold,180,0.2,1.5,0,0.5,5,0.5,900,14,11,649.73,449.68,12,2,-26.38,20.8,9,4,163.79,-131.35,3,6,-52.72,-5.37,-131.35,813.52,0.6521739130434783
hold,180,0.2,1.5,0,0.5,5,0.5,1800,14,10,4048.55,760.28,12,2,-26.38,34.34,9,4,261.03,-34.11,3,6,-52.72,-1.38,-34.11,4309.58,0.6086956521739131
hold,180,0.2,1.5,3,0.4,0,0.3,900,2,1,0.32,-17.41,1,1,-17.41,0.16,2,1,383.26,-27.2,1,1,-27.2,191.63,-27.2,383.58,0.5
hold,180,0.2,1.5,3,0.4,0,0.3,1800,2,1,1.63,-17.41,1,1,-17.41,0.82,2,1,325.18,-27.2,1,1,-27.2,162.59,-27.2,326.81,0.5
hold,180,0.2,1.5,3,0.4,0,0.5,900,2,1,-8.65,-26.38,1,1,-26.38,-4.32,2,1,383.26,-27.2,1,1,-27.2,191.63,-27.2,374.61,0.5
hold,180,0.2,1.5,3,0.4,0,0.5,1800,2,1,-7.34,-26.38,1,1,-26.38,-3.67,2,1,325.18,-27.2,1,1,-27.2,162.59,-27.2,317.84000000000003,0.5
hold,180,0.2,1.5,3,0.4,5,0.3,900,2,1,0.32,-17.41,1,1,-17.41,0.16,2,1,267.94,-27.2,1,1,-27.2,133.97,-27.2,268.26,0.5
hold,180,0.2,1.5,3,0.4,5,0.3,1800,2,1,1.63,-17.41,1,1,-17.41,0.82,2,1,267.94,-27.2,1,1,-27.2,133.97,-27.2,269.57,0.5
hold,180,0.2,1.5,3,0.4,5,0.5,900,2,1,-8.65,-26.38,1,1,-26.38,-4.32,2,1,267.94,-27.2,1,1,-27.2,133.97,-27.2,259.29,0.5
hold,180,0.2,1.5,3,0.4,5,0.5,1800,2,1,-7.34,-26.38,1,1,-26.38,-3.67,2,1,267.94,-27.2,1,1,-27.2,133.97,-27.2,260.6,0.5
hold,180,0.2,1.5,3,0.5,0,0.3,900,2,1,0.32,-17.41,1,1,-17.41,0.16,2,1,383.26,-27.2,1,1,-27.2,191.63,-27.2,383.58,0.5
hold,180,0.2,1.5,3,0.5,0,0.3,1800,2,1,1.63,-17.41,1,1,-17.41,0.82,2,1,664.89,-27.2,1,1,-27.2,332.44,-27.2,666.52,0.5
hold,180,0.2,1.5,3,0.5,0,0.5,900,2,1,-8.65,-26.38,1,1,-26.38,-4.32,2,1,383.26,-27.2,1,1,-27.2,191.63,-27.2,374.61,0.5
hold,180,0.2,1.5,3,0.5,0,0.5,1800,2,1,-7.34,-26.38,1,1,-26.38,-3.67,2,1,664.89,-27.2,1,1,-27.2,332.44,-27.2,657.55,0.5
hold,180,0.2,1.5,3,0.5,5,0.3,900,2,1,0.32,-17.41,1,1,-17.41,0.16,2,1,267.94,-27.2,1,1,-27.2,133.97,-27.2,268.26,0.5
hold,180,0.2,1.5,3,0.5,5,0.3,1800,2,1,1.63,-17.41,1,1,-17.41,0.82,2,1,267.94,-27.2,1,1,-27.2,133.97,-27.2,269.57,0.5
hold,180,0.2,1.5,3,0.5,5,0.5,900,2,1,-8.65,-26.38,1,1,-26.38,-4.32,2,1,267.94,-27.2,1,1,-27.2,133.97,-27.2,259.29,0.5
hold,180,0.2,1.5,3,0.5,5,0.5,1800,2,1,-7.34,-26.38,1,1,-26.38,-3.67,2,1,267.94,-27.2,1,1,-27.2,133.97,-27.2,260.6,0.5
hold,180,0.2,1.5,5,0.4,0,0.3,900,5,4,336.98,194.93,4,1,-17.41,65.01,6,2,291.45,-119.01,2,4,-52.72,-16.28,-119.01,628.4300000000001,0.5454545454545454
hold,180,0.2,1.5,5,0.4,0,0.3,1800,5,4,853.85,197.25,4,1,-17.41,66.02,6,2,277.52,-74.86,2,4,-52.72,-14.29,-74.86,1131.37,0.5454545454545454
hold,180,0.2,1.5,5,0.4,0,0.5,900,5,4,328.01,185.96,4,1,-26.38,65.01,6,2,291.45,-119.01,2,4,-52.72,-16.28,-119.01,619.46,0.5454545454545454
hold,180,0.2,1.5,5,0.4,0,0.5,1800,5,4,844.88,188.28,4,1,-26.38,66.02,6,2,277.52,-74.86,2,4,-52.72,-14.29,-74.86,1122.4,0.5454545454545454
hold,180,0.2,1.5,5,0.4,5,0.3,900,5,4,407.43,207.38,4,1,-17.41,65.01,6,2,176.13,-119.01,2,4,-52.72,-16.28,-119.01,583.56,0.5454545454545454
hold,180,0.2,1.5,5,0.4,5,0.3,1800,5,4,478.89,267.7,4,1,-17.41,66.02,6,2,220.28,-74.86,2,4,-52.72,-14.29,-74.86,699.17,0.5454545454545454
hold,180,0.2,1.5,5,0.4,5,0.5,900,5,4,398.46,198.41,4,1,-26.38,65.01,6,2,176.13,-119.01,2,4,-52.72,-16.28,-119.01,574.5899999999999,0.5454545454545454
hold,180,0.2,1.5,5,0.4,5,0.5,1800,5,4,469.92,258.73,4,1,-26.38,66.02,6,2,220.28,-74.86,2,4,-52.72,-14.29,-74.86,690.2,0.5454545454545454
hold,180,0.2,1.5,5,0.5,0,0.3,900,5,4,311.96,169.91,4,1,-17.41,65.01,6,2,291.45,-119.01,2,4,-52.72,-16.28,-119.01,603.41,0.5454545454545454
hold,180,0.2,1.5,5,0.5,0,0.3,1800,5,4,828.83,172.23,4,1,-17.41,66.02,6,2,617.23,-74.86,2,4,-52.72,-14.29,-74.86,1446.06,0.5454545454545454
hold,180,0.2,1.5,5,0.5,0,0.5,900,5,4,302.99,160.94,4,1,-26.38,65.01,6,2,291.45,-119.01,2,4,-52.72,-16.28,-119.01,594.44,0.5454545454545454
hold,180,0.2,1.5,5,0.5,0,0.5,1800,5,4,819.86,163.26,4,1,-26.38,66.02,6,2,617.23,-74.86,2,4,-52.72,-14.29,-74.86,1437.0900000000001,0.5454545454545454
hold,180,0.2,1.5,5,0.5,5,0.3,900,5,4,407.43,207.38,4,1,-17.41,65.01,6,2,176.13,-119.01,2,4,-52.72,-16.28,-119.01,583.56,0.5454545454545454
hold,180,0.2,1.5,5,0.5,5,0.3,1800,5,4,478.89,267.7,4,1,-17.41,66.02,6,2,220.28,-74.86,2,4,-52.72,-14.29,-74.86,699.17,0.5454545454545454
hold,180,0.2,1.5,5,0.5,5,0.5,900,5,4,398.46,198.41,4,1,-26.38,65.01,6,2,176.13,-119.01,2,4,-52.72,-16.28,-119.01,574.5899999999999,0.5454545454545454
hold,180,0.2,1.5,5,0.5,5,0.5,1800,5,4,469.92,258.73,4,1,-26.38,66.02,6,2,220.28,-74.86,2,4,-52.72,-14.29,-74.86,690.2,0.5454545454545454
hold,180,0.35,1.5,0,0.4,0,0.3,900,10,6,403.78,261.73,9,1,-16.83,20.8,7,3,-122.56,-140.82,2,5,-52.72,-5.37,-140.82,281.21999999999997,0.5294117647058824
hold,180,0.35,1.5,0,0.4,0,0.3,1800,10,6,830.44,173.84,9,1,-16.83,16.22,7,3,-76.44,-134.86,2,5,-52.72,-1.38,-134.86,754.0,0.5294117647058824
hold,180,0.35,1.5,0,0.4,0,0.5,900,10,7,435.69,293.64,9,1,-16.57,20.8,7,3,-122.56,-140.82,2,5,-52.72,-5.37,-140.82,313.13,0.5882352941176471
hold,180,0.35,1.5,0,0.4,0,0.5,1800,10,6,831.0,174.4,9,1,-16.57,16.22,7,3,-76.44,-134.86,2,5,-52.72,-1.38,-134.86,754.56,0.5294117647058824
hold,180,0.35,1.5,0,0.4,5,0.3,900,10,6,474.23,274.18,9,1,-16.83,20.8,7,3,-122.56,-140.82,2,5,-52.72,-5.37,-140.82,351.67,0.5294117647058824
hold,180,0.35,1.5,0,0.4,5,0.3,1800,10,6,455.48,244.29,9,1,-16.83,16.22,7,3,-76.44,-134.86,2,5,-52.72,-1.38,-134.86,379.04,0.5294117647058824
hold,180,0.35,1.5,0,0.4,5,0.5,900,10,7,506.14,306.09,9,1,-16.57,20.8,7,3,-122.56,-140.82,2,5,-52.72,-5.37,-140.82,383.58,0.5882352941176471
hold,180,0.35,1.5,0,0.4,5,0.5,1800,10,7,3760.65,472.38,9,1,-16.57,20.34,7,3,-76.44,-134.86,2,5,-52.72,-1.38,-134.86,3684.21,0.5882352941176471
hold,180,0.35,1.5,0,0.5,0,0.3,900,10,7,398.32,256.27,9,1,-16.83,20.8,7,3,-104.15,-140.7,2,5,-52.72,-5.37,-140.7,294.16999999999996,0.5882352941176471
hold,180,0.35,1.5,0,0.5,0,0.3,1800,10,6,813.19,156.59,9,1,-16.83,15.82,7,3,-6.91,-94.58,2,5,-52.72,-1.38,-94.58,806.2800000000001,0.5294117647058824
hold,180,0.35,1.5,0,0.5,0,0.5,900,10,8,430.23,288.18,9,1,-16.57,20.8,7,3,-104.15,-140.7,2,5,-52.72,-5.37,-140.7,326.08000000000004,0.6470588235294118
hold,180,0.35,1.5,0,0.5,0,0.5,1800,10,6,813.75,157.15,9,1,-16.57,15.82,7,3,-6.91,-94.58,2,5,-52.72,-1.38,-94.58,806.84,0.5294117647058824
hold,180,0.35,1.5,0,0.5,5,0.3,900,10,7,493.79,293.74,9,1,-16.83,20.8,7,3,-104.15,-140.7,2,5,-52.72,-5.37,-140.7,389.64,0.5882352941176471
hold,180,0.35,1.5,0,0.5,5,0.3,1800,10,6,463.25,252.06,9,1,-16.83,15.82,7,3,-6.91,-94.58,2,5,-52.72,-1.38,-94.58,456.34,0.5294117647058824
hold,180,0.35,1.5,0,0.5,5,0.5,900,10,8,525.7,325.65,9,1,-16.57,20.8,7,3,-104.15,-140.7,2,5,-52.72,-5.37,-140.7,421.55000000000007,0.6470588235294118
hold,180,0.35,1.5,0,0.5,5,0.5,1800,10,7,3768.42,480.15,9,1,-16.57,23.33,7,3,-6.91,-94.58,2,5,-52.72,-1.38,-94.58,3761.51,0.5882352941176471
hold,180,0.35,1.5,3,0.4,0,0.3,900,1,1,17.73,0.0,1,0,17.73,17.73,0,0,0.0,0.0,0,0,0.0,0.0,0.0,17.73,1.0
hold,180,0.35,1.5,3,0.4,0,0.3,1800,1,1,19.04,0.0,1,0,19.04,19.04,0,0,0.0,0.0,0,0,0.0,0.0,0.0,19.04,1.0
hold,180,0.35,1.5,3,0.4,0,0.5,900,1,1,17.73,0.0,1,0,17.73,17.73,0,0,0.0,0.0,0,0,0.0,0.0,0.0,17.73,1.0
hold,180,0.35,1.5,3,0.4,0,0.5,1800,1,1,19.04,0.0,1,0,19.04,19.04,0,0,0.0,0.0,0,0,0.0,0.0,0.0,19.04,1.0
hold,180,0.35,1.5,3,0.4,5,0.3,900,1,1,17.73,0.0,1,0,17.73,17.73,0,0,0.0,0.0,0,0,0.0,0.0,0.0,17.73,1.0
hold,180,0.35,1.5,3,0.4,5,0.3,1800,1,1,19.04,0.0,1,0,19.04,19.04,0,0,0.0,0.0,0,0,0.0,0.0,0.0,19.04,1.0
hold,180,0.35,1.5,3,0.4,5,0.5,900,1,1,17.73,0.0,1,0,17.73,17.73,0,0,0.0,0.0,0,0,0.0,0.0,0.0,17.73,1.0
hold,180,0.35,1.5,3,0.4,5,0.5,1800,1,1,19.04,0.0,1,0,19.04,19.04,0,0,0.0,0.0,0,0,0.0,0.0,0.0,19.04,1.0
hold,180,0.35,1.5,3,0.5,0,0.3,900,1,1,17.73,0.0,1,0,17.73,17.73,0,0,0.0,0.0,0,0,0.0,0.0,0.0,17.73,1.0
hold,180,0.35,1.5,3,0.5,0,0.3,1800,1,1,19.04,0.0,1,0,19.04,19.04,0,0,0.0,0.0,0,0,0.0,0.0,0.0,19.04,1.0
hold,180,0.35,1.5,3,0.5,0,0.5,900,1,1,17.73,0.0,1,0,17.73,17.73,0,0,0.0,0.0,0,0,0.0,0.0,0.0,17.73,1.0
hold,180,0.35,1.5,3,0.5,0,0.5,1800,1,1,19.04,0.0,1,0,19.04,19.04,0,0,0.0,0.0,0,0,0.0,0.0,0.0,19.04,1.0
hold,180,0.35,1.5,3,0.5,5,0.3,900,1,1,17.73,0.0,1,0,17.73,17.73,0,0,0.0,0.0,0,0,0.0,0.0,0.0,17.73,1.0
hold,180,0.35,1.5,3,0.5,5,0.3,1800,1,1,19.04,0.0,1,0,19.04,19.04,0,0,0.0,0.0,0,0,0.0,0.0,0.0,19.04,1.0
hold,180,0.35,1.5,3,0.5,5,0.5,900,1,1,17.73,0.0,1,0,17.73,17.73,0,0,0.0,0.0,0,0,0.0,0.0,0.0,17.73,1.0
hold,180,0.35,1.5,3,0.5,5,0.5,1800,1,1,19.04,0.0,1,0,19.04,19.04,0,0,0.0,0.0,0,0,0.0,0.0,0.0,19.04,1.0
hold,180,0.35,1.5,5,0.4,0,0.3,900,3,3,289.38,147.33,3,0,17.73,129.6,4,1,-91.81,-110.07,1,3,-52.72,-28.68,-110.07,197.57,0.5714285714285714
hold,180,0.35,1.5,5,0.4,0,0.3,1800,3,3,805.24,148.64,3,0,19.04,129.6,4,1,-47.66,-106.08,1,3,-52.72,-26.68,-106.08,757.58,0.5714285714285714
hold,180,0.35,1.5,5,0.4,0,0.5,900,3,3,289.38,147.33,3,0,17.73,129.6,4,1,-91.81,-110.07,1,3,-52.72,-28.68,-110.07,197.57,0.5714285714285714
hold,180,0.35,1.5,5,0.4,0,0.5,1800,3,3,805.24,148.64,3,0,19.04,129.6,4,1,-47.66,-106.08,1,3,-52.72,-26.68,-106.08,757.58,0.5714285714285714
hold,180,0.35,1.5,5,0.4,5,0.3,900,3,3,359.83,159.78,3,0,17.73,142.05,4,1,-91.81,-110.07,1,3,-52.72,-28.68,-110.07,268.02,0.5714285714285714
hold,180,0.35,1.5,5,0.4,5,0.3,1800,3,3,430.28,219.09,3,0,19.04,200.05,4,1,-47.66,-106.08,1,3,-52.72,-26.68,-106.08,382.62,0.5714285714285714
hold,180,0.35,1.5,5,0.4,5,0.5,900,3,3,359.83,159.78,3,0,17.73,142.05,4,1,-91.81,-110.07,1,3,-52.72,-28.68,-110.07,268.02,0.5714285714285714
hold,180,0.35,1.5,5,0.4,5,0.5,1800,3,3,430.28,219.09,3,0,19.04,200.05,4,1,-47.66,-106.08,1,3,-52.72,-26.68,-106.08,382.62,0.5714285714285714
hold,180,0.35,1.5,5,0.5,0,0.3,900,3,3,264.36,122.31,3,0,17.73,104.58,4,1,-91.81,-110.07,1,3,-52.72,-28.68,-110.07,172.55,0.5714285714285714
hold,180,0.35,1.5,5,0.5,0,0.3,1800,3,3,780.22,123.62,3,0,19.04,104.58,4,1,-47.66,-106.08,1,3,-52.72,-26.68,-106.08,732.5600000000001,0.5714285714285714
hold,180,0.35,1.5,5,0.5,0,0.5,900,3,3,264.36,122.31,3,0,17.73,104.58,4,1,-91.81,-110.07,1,3,-52.72,-28.68,-110.07,172.55,0.5714285714285714
hold,180,0.35,1.5,5,0.5,0,0.5,1800,3,3,780.22,123.62,3,0,19.04,104.58,4,1,-47.66,-106.08,1,3,-52.72,-26.68,-106.08,732.5600000000001,0.5714285714285714
hold,180,0.35,1.5,5,0.5,5,0.3,900,3,3,359.83,159.78,3,0,17.73,142.05,4,1,-91.81,-110.07,1,3,-52.72,-28.68,-110.07,268.02,0.5714285714285714
hold,180,0.35,1.5,5,0.5,5,0.3,1800,3,3,430.28,219.09,3,0,19.04,200.05,4,1,-47.66,-106.08,1,3,-52.72,-26.68,-106.08,382.62,0.5714285714285714
hold,180,0.35,1.5,5,0.5,5,0.5,900,3,3,359.83,159.78,3,0,17.73,142.05,4,1,-91.81,-110.07,1,3,-52.72,-28.68,-110.07,268.02,0.5714285714285714
hold,180,0.35,1.5,5,0.5,5,0.5,1800,3,3,430.28,219.09,3,0,19.04,200.05,4,1,-47.66,-106.08,1,3,-52.72,-26.68,-106.08,382.62,0.5714285714285714
hold,300,0.2,1.5,0,0.4,0,0.3,900,14,10,404.57,293.35,12,2,-22.9,22.56,8,4,368.05,-156.53,3,5,-51.98,-8.54,-156.53,772.62,0.6363636363636364
hold,300,0.2,1.5,0,0.4,0,0.3,1800,14,9,714.62,311.8,12,2,-22.9,22.78,8,4,156.16,-112.84,3,5,-51.98,-7.65,-112.84,870.78,0.5909090909090909
hold,300,0.2,1.5,0,0.4,0,0.5,900,14,11,421.6,310.38,12,2,-30.59,22.56,8,4,382.09,-142.49,3,5,-51.98,-1.52,-142.49,803.69,0.6818181818181818
hold,300,0.2,1.5,0,0.4,0,0.5,1800,14,10,731.65,328.83,12,2,-30.59,22.78,8,5,189.48,-79.52,3,5,-51.98,4.13,-79.52,921.13,0.6818181818181818
hold,300,0.2,1.5,0,0.4,5,0.3,900,14,10,491.34,293.35,12,2,-22.9,22.56,8,4,67.1,-156.53,3,5,-51.98,-8.54,-156.53,558.4399999999999,0.6363636363636364
hold,300,0.2,1.5,0,0.4,5,0.3,1800,14,10,4177.71,609.62,12,2,-22.9,26.03,8,4,110.79,-112.84,3,5,-51.98,-7.65,-112.84,4288.5,0.6363636363636364
hold,300,0.2,1.5,0,0.4,5,0.5,900,14,11,508.37,310.38,12,2,-30.59,22.56,8,4,81.14,-142.49,3,5,-51.98,-1.52,-142.49,589.51,0.6818181818181818
hold,300,0.2,1.5,0,0.4,5,0.5,1800,14,11,4194.74,626.65,12,2,-30.59,26.03,8,5,144.11,-79.52,3,5,-51.98,4.13,-79.52,4338.849999999999,0.7272727272727273
hold,300,0.2,1.5,0,0.5,0,0.3,900,14,10,382.09,293.35,12,2,-22.9,22.56,8,4,368.05,-156.53,3,5,-51.98,-8.54,-156.53,750.14,0.6363636363636364
hold,300,0.2,1.5,0,0.5,0,0.3,1800,14,8,675.85,273.03,12,2,-22.9,19.93,8,4,426.29,-112.84,3,5,-51.98,-7.65,-112.84,1102.14,0.5454545454545454
hold,300,0.2,1.5,0,0.5,0,0.5,900,14,11,399.12,310.38,12,2,-30.59,22.56,8,4,382.09,-142.49,3,5,-51.98,-1.52,-142.49,781.21,0.6818181818181818
hold,300,0.2,1.5,0,0.5,0,0.5,1800,14,9,692.88,290.06,12,2,-30.59,19.93,8,5,459.61,-79.52,3,5,-51.98,4.13,-79.52,1152.49,0.6363636363636364
hold,300,0.2,1.5,0,0.5,5,0.3,900,14,10,491.34,293.35,12,2,-22.9,22.56,8,4,67.1,-156.53,3,5,-51.98,-8.54,-156.53,558.4399999999999,0.6363636363636364
hold,300,0.2,1.5,0,0.5,5,0.3,1800,14,9,4161.42,593.33,12,2,-22.9,26.16,8,4,110.79,-112.84,3,5,-51.98,-7.65,-112.84,4272.21,0.5909090909090909
hold,300,0.2,1.5,0,0.5,5,0.5,900,14,11,508.37,310.38,12,2,-30.59,22.56,8,4,81.14,-142.49,3,5,-51.98,-1.52,-142.49,589.51,0.6818181818181818
hold,300,0.2,1.5,0,0.5,5,0.5,1800,14,10,4178.45,610.36,12,2,-30.59,26.16,8,5,144.11,-79.52,3,5,-51.98,4.13,-79.52,4322.5599999999995,0.6818181818181818
hold,300,0.2,1.5,3,0.4,0,0.3,900,2,1,0.7,-22.9,1,1,-22.9,0.35,1,1,1.51,0.0,0,1,1.51,1.51,-22.9,2.21,0.6666666666666666
hold,300,0.2,1.5,3,0.4,0,0.3,1800,2,1,-1.62,-22.9,1,1,-22.9,-0.81,1,1,6.12,0.0,0,1,6.12,6.12,-22.9,4.5,0.6666666666666666
hold,300,0.2,1.5,3,0.4,0,0.5,900,2,1,-6.99,-30.59,1,1,-30.59,-3.5,1,1,1.51,0.0,0,1,1.51,1.51,-30.59,-5.48,0.6666666666666666
hold,300,0.2,1.5,3,0.4,0,0.5,1800,2,1,-9.31,-30.59,1,1,-30.59,-4.66,1,1,6.12,0.0,0,1,6.12,6.12,-30.59,-3.1900000000000004,0.6666666666666666
hold,300,0.2,1.5,3,0.4,5,0.3,900,2,1,0.7,-22.9,1,1,-22.9,0.35,1,1,1.51,0.0,0,1,1.51,1.51,-22.9,2.21,0.6666666666666666
hold,300,0.2,1.5,3,0.4,5,0.3,1800,2,1,-1.62,-22.9,1,1,-22.9,-0.81,1,1,6.12,0.0,0,1,6.12,6.12,-22.9,4.5,0.6666666666666666
hold,300,0.2,1.5,3,0.4,5,0.5,900,2,1,-6.99,-30.59,1,1,-30.59,-3.5,1,1,1.51,0.0,0,1,1.51,1.51,-30.59,-5.48,0.6666666666666666
hold,300,0.2,1.5,3,0.4,5,0.5,1800,2,1,-9.31,-30.59,1,1,-30.59,-4.66,1,1,6.12,0.0,0,1,6.12,6.12,-30.59,-3.1900000000000004,0.6666666666666666
hold,300,0.2,1.5,3,0.5,0,0.3,900,2,1,0.7,-22.9,1,1,-22.9,0.35,1,1,1.51,0.0,0,1,1.51,1.51,-22.9,2.21,0.6666666666666666
hold,300,0.2,1.5,3,0.5,0,0.3,1800,2,1,-1.62,-22.9,1,1,-22.9,-0.81,1,1,6.12,0.0,0,1,6.12,6.12,-22.9,4.5,0.6666666666666666
hold,300,0.2,1.5,3,0.5,0,0.5,900,2,1,-6.99,-30.59,1,1,-30.59,-3.5,1,1,1.51,0.0,0,1,1.51,1.51,-30.59,-5.48,0.6666666666666666
hold,300,0.2,1.5,3,0.5,0,0.5,1800,2,1,-9.31,-30.59,1,1,-30.59,-4.66,1,1,6.12,0.0,0,1,6.12,6.12,-30.59,-3.1900000000000004,0.6666666666666666
hold,300,0.2,1.5,3,0.5,5,0.3,900,2,1,0.7,-22.9,1,1,-22.9,0.35,1,1,1.51,0.0,0,1,1.51,1.51,-22.9,2.21,0.6666666666666666
hold,300,0.2,1.5,3,0.5,5,0.3,1800,2,1,-1.62,-22.9,1,1,-22.9,-0.81,1,1,6.12,0.0,0,1,6.12,6.12,-22.9,4.5,0.6666666666666666
hold,300,0.2,1.5,3,0.5,5,0.5,900,2,1,-6.99,-30.59,1,1,-30.59,-3.5,1,1,1.51,0.0,0,1,1.51,1.51,-30.59,-5.48,0.6666666666666666
hold,300,0.2,1.5,3,0.5,5,0.5,1800,2,1,-9.31,-30.59,1,1,-30.59,-4.66,1,1,6.12,0.0,0,1,6.12,6.12,-30.59,-3.1900000000000004,0.6666666666666666
hold,300,0.2,1.5,5,0.4,0,0.3,900,4,3,168.62,57.4,3,1,-22.9,40.15,4,3,488.8,-35.78,2,2,-51.98,8.1,-35.78,657.4200000000001,0.75
hold,300,0.2,1.5,5,0.4,0,0.3,1800,4,3,163.78,52.56,3,1,-22.9,37.73,4,3,275.14,6.14,2,2,-51.98,29.06,6.14,438.91999999999996,0.75
hold,300,0.2,1.5,5,0.4,0,0.5,900,4,3,160.93,49.71,3,1,-30.59,40.15,4,3,488.8,-35.78,2,2,-51.98,8.1,-35.78,649.73,0.75
hold,300,0.2,1.5,5,0.4,0,0.5,1800,4,3,156.09,44.87,3,1,-30.59,37.73,4,3,275.14,6.14,2,2,-51.98,29.06,6.14,431.23,0.75
hold,300,0.2,1.5,5,0.4,5,0.3,900,4,3,255.39,57.4,3,1,-22.9,40.15,4,3,187.85,-35.78,2,2,-51.98,8.1,-35.78,443.24,0.75
hold,300,0.2,1.5,5,0.4,5,0.3,1800,4,3,250.55,52.56,3,1,-22.9,37.73,4,3,229.77,6.14,2,2,-51.98,29.06,6.14,480.32000000000005,0.75
hold,300,0.2,1.5,5,0.4,5,0.5,900,4,3,247.7,49.71,3,1,-30.59,40.15,4,3,187.85,-35.78,2,2,-51.98,8.1,-35.78,435.54999999999995,0.75
hold,300,0.2,1.5,5,0.4,5,0.5,1800,4,3,242.86,44.87,3,1,-30.59,37.73,4,3,229.77,6.14,2,2,-51.98,29.06,6.14,472.63,0.75
hold,300,0.2,1.5,5,0.5,0,0.3,900,4,3,146.14,57.4,3,1,-22.9,40.15,4,3,488.8,-35.78,2,2,-51.98,8.1,-35.78,634.94,0.75
hold,300,0.2,1.5,5,0.5,0,0.3,1800,4,3,141.3,52.56,3,1,-22.9,37.73,4,3,545.27,6.14,2,2,-51.98,29.06,6.14,686.5699999999999,0.75
hold,300,0.2,1.5,5,0.5,0,0.5,900,4,3,138.45,49.71,3,1,-30.59,40.15,4,3,488.8,-35.78,2,2,-51.98,8.1,-35.78,627.25,0.75
hold,300,0.2,1.5,5,0.5,0,0.5,1800,4,3,133.61,44.87,3,1,-30.59,37.73,4,3,545.27,6.14,2,2,-51.98,29.06,6.14,678.88,0.75
hold,300,0.2,1.5,5,0.5,5,0.3,900,4,3,255.39,57.4,3,1,-22.9,40.15,4,3,187.85,-35.78,2,2,-51.98,8.1,-35.78,443.24,0.75
hold,300,0.2,1.5,5,0.5,5,0.3,1800,4,3,250.55,52.56,3,1,-22.9,37.73,4,3,229.77,6.14,2,2,-51.98,29.06,6.14,480.32000000000005,0.75
hold,300,0.2,1.5,5,0.5,5,0.5,900,4,3,247.7,49.71,3,1,-30.59,40.15,4,3,187.85,-35.78,2,2,-51.98,8.1,-35.78,435.54999999999995,0.75
hold,300,0.2,1.5,5,0.5,5,0.5,1800,4,3,242.86,44.87,3,1,-30.59,37.73,4,3,229.77,6.14,2,2,-51.98,29.06,6.14,472.63,0.75
hold,300,0.35,1.5,0,0.4,0,0.3,900,10,7,334.17,222.95,9,1,-22.58,35.3,7,3,-156.53,-171.22,2,5,-51.98,-17.45,-171.22,177.64000000000001,0.5882352941176471
hold,300,0.35,1.5,0,0.4,0,0.3,1800,10,6,531.9,129.08,9,1,-22.58,17.52,7,3,-112.84,-164.84,2,5,-51.98,-17.45,-164.84,419.05999999999995,0.5294117647058824
hold,300,0.35,1.5,0,0.4,0,0.5,900,10,8,358.89,247.67,9,1,-26.64,35.3,7,3,-142.49,-157.18,2,5,-51.98,-3.41,-157.18,216.39999999999998,0.6470588235294118
hold,300,0.35,1.5,0,0.4,0,0.5,1800,10,7,556.62,153.8,9,1,-26.64,17.52,7,4,-79.52,-131.52,2,5,-51.98,2.14,-131.52,477.1,0.6470588235294118
hold,300,0.35,1.5,0,0.4,5,0.3,900,10,7,420.94,222.95,9,1,-22.58,35.3,7,3,-156.53,-171.22,2,5,-51.98,-17.45,-171.22,264.40999999999997,0.5882352941176471
hold,300,0.35,1.5,0,0.4,5,0.3,1800,10,7,3994.99,426.9,9,1,-22.58,22.78,7,3,-112.84,-164.84,2,5,-51.98,-17.45,-164.84,3882.1499999999996,0.5882352941176471
hold,300,0.35,1.5,0,0.4,5,0.5,900,10,8,445.66,247.67,9,1,-26.64,35.3,7,3,-142.49,-157.18,2,5,-51.98,-3.41,-157.18,303.17,0.6470588235294118
hold,300,0.35,1.5,0,0.4,5,0.5,1800,10,8,4019.71,451.62,9,1,-26.64,22.78,7,4,-79.52,-131.52,2,5,-51.98,2.14,-131.52,3940.19,0.7058823529411765
hold,300,0.35,1.5,0,0.5,0,0.3,900,10,7,311.69,222.95,9,1,-22.58,35.3,7,3,-156.53,-171.22,2,5,-51.98,-17.45,-171.22,155.16,0.5882352941176471
hold,300,0.35,1.5,0,0.5,0,0.3,1800,10,5,493.13,90.31,9,1,-22.58,9.25,7,3,-112.84,-164.84,2,5,-51.98,-17.45,-164.84,380.28999999999996,0.47058823529411764
hold,300,0.35,1.5,0,0.5,0,0.5,900,10,8,336.41,247.67,9,1,-26.64,35.3,7,3,-142.49,-157.18,2,5,-51.98,-3.41,-157.18,193.92000000000002,0.6470588235294118
hold,300,0.35,1.5,0,0.5,0,0.5,1800,10,6,517.85,115.03,9,1,-26.64,13.33,7,4,-79.52,-131.52,2,5,-51.98,2.14,-131.52,438.33000000000004,0.5882352941176471
hold,300,0.35,1.5,0,0.5,5,0.3,900,10,7,420.94,222.95,9,1,-22.58,35.3,7,3,-156.53,-171.22,2,5,-51.98,-17.45,-171.22,264.40999999999997,0.5882352941176471
hold,300,0.35,1.5,0,0.5,5,0.3,1800,10,6,3978.7,410.61,9,1,-22.58,19.93,7,3,-112.84,-164.84,2,5,-51.98,-17.45,-164.84,3865.8599999999997,0.5294117647058824
hold,300,0.35,1.5,0,0.5,5,0.5,900,10,8,445.66,247.67,9,1,-26.64,35.3,7,3,-142.49,-157.18,2,5,-51.98,-3.41,-157.18,303.17,0.6470588235294118
hold,300,0.35,1.5,0,0.5,5,0.5,1800,10,7,4003.42,435.33,9,1,-26.64,19.93,7,4,-79.52,-131.52,2,5,-51.98,2.14,-131.52,3923.9,0.6470588235294118
hold,300,0.35,1.5,3,0.4,0,0.3,900,1,1,23.6,0.0,1,0,23.6,23.6,1,1,1.51,0.0,0,1,1.51,1.51,0.0,25.110000000000003,1.0
hold,300,0.35,1.5,3,0.4,0,0.3,1800,1,1,21.28,0.0,1,0,21.28,21.28,1,1,6.12,0.0,0,1,6.12,6.12,0.0,27.400000000000002,1.0
hold,300,0.35,1.5,3,0.4,0,0.5,900,1,1,23.6,0.0,1,0,23.6,23.6,1,1,1.51,0.0,0,1,1.51,1.51,0.0,25.110000000000003,1.0
hold,300,0.35,1.5,3,0.4,0,0.5,1800,1,1,21.28,0.0,1,0,21.28,21.28,1,1,6.12,0.0,0,1,6.12,6.12,0.0,27.400000000000002,1.0
hold,300,0.35,1.5,3,0.4,5,0.3,900,1,1,23.6,0.0,1,0,23.6,23.6,1,1,1.51,0.0,0,1,1.51,1.51,0.0,25.110000000000003,1.0
hold,300,0.35,1.5,3,0.4,5,0.3,1800,1,1,21.28,0.0,1,0,21.28,21.28,1,1,6.12,0.0,0,1,6.12,6.12,0.0,27.400000000000002,1.0
hold,300,0.35,1.5,3,0.4,5,0.5,900,1,1,23.6,0.0,1,0,23.6,23.6,1,1,1.51,0.0,0,1,1.51,1.51,0.0,25.110000000000003,1.0
hold,300,0.35,1.5,3,0.4,5,0.5,1800,1,1,21.28,0.0,1,0,21.28,21.28,1,1,6.12,0.0,0,1,6.12,6.12,0.0,27.400000000000002,1.0
hold,300,0.35,1.5,3,0.5,0,0.3,900,1,1,23.6,0.0,1,0,23.6,23.6,1,1,1.51,0.0,0,1,1.51,1.51,0.0,25.110000000000003,1.0
hold,300,0.35,1.5,3,0.5,0,0.3,1800,1,1,21.28,0.0,1,0,21.28,21.28,1,1,6.12,0.0,0,1,6.12,6.12,0.0,27.400000000000002,1.0
hold,300,0.35,1.5,3,0.5,0,0.5,900,1,1,23.6,0.0,1,0,23.6,23.6,1,1,1.51,0.0,0,1,1.51,1.51,0.0,25.110000000000003,1.0
hold,300,0.35,1.5,3,0.5,0,0.5,1800,1,1,21.28,0.0,1,0,21.28,21.28,1,1,6.12,0.0,0,1,6.12,6.12,0.0,27.400000000000002,1.0
hold,300,0.35,1.5,3,0.5,5,0.3,900,1,1,23.6,0.0,1,0,23.6,23.6,1,1,1.51,0.0,0,1,1.51,1.51,0.0,25.110000000000003,1.0
hold,300,0.35,1.5,3,0.5,5,0.3,1800,1,1,21.28,0.0,1,0,21.28,21.28,1,1,6.12,0.0,0,1,6.12,6.12,0.0,27.400000000000002,1.0
hold,300,0.35,1.5,3,0.5,5,0.5,900,1,1,23.6,0.0,1,0,23.6,23.6,1,1,1.51,0.0,0,1,1.51,1.51,0.0,25.110000000000003,1.0
hold,300,0.35,1.5,3,0.5,5,0.5,1800,1,1,21.28,0.0,1,0,21.28,21.28,1,1,6.12,0.0,0,1,6.12,6.12,0.0,27.400000000000002,1.0
hold,300,0.35,1.5,5,0.4,0,0.3,900,2,2,134.82,23.6,2,0,23.6,67.41,3,2,-35.78,-50.47,1,2,-51.98,1.51,-50.47,99.03999999999999,0.8
hold,300,0.35,1.5,5,0.4,0,0.3,1800,2,2,132.5,21.28,2,0,21.28,66.25,3,2,6.14,-45.86,1,2,-51.98,6.12,-45.86,138.64,0.8
hold,300,0.35,1.5,5,0.4,0,0.5,900,2,2,134.82,23.6,2,0,23.6,67.41,3,2,-35.78,-50.47,1,2,-51.98,1.51,-50.47,99.03999999999999,0.8
hold,300,0.35,1.5,5,0.4,0,0.5,1800,2,2,132.5,21.28,2,0,21.28,66.25,3,2,6.14,-45.86,1,2,-51.98,6.12,-45.86,138.64,0.8
hold,300,0.35,1.5,5,0.4,5,0.3,900,2,2,221.59,23.6,2,0,23.6,110.8,3,2,-35.78,-50.47,1,2,-51.98,1.51,-50.47,185.81,0.8
hold,300,0.35,1.5,5,0.4,5,0.3,1800,2,2,219.27,21.28,2,0,21.28,109.64,3,2,6.14,-45.86,1,2,-51.98,6.12,-45.86,225.41,0.8
hold,300,0.35,1.5,5,0.4,5,0.5,900,2,2,221.59,23.6,2,0,23.6,110.8,3,2,-35.78,-50.47,1,2,-51.98,1.51,-50.47,185.81,0.8
hold,300,0.35,1.5,5,0.4,5,0.5,1800,2,2,219.27,21.28,2,0,21.28,109.64,3,2,6.14,-45.86,1,2,-51.98,6.12,-45.86,225.41,0.8
hold,300,0.35,1.5,5,0.5,0,0.3,900,2,2,112.34,23.6,2,0,23.6,56.17,3,2,-35.78,-50.47,1,2,-51.98,1.51,-50.47,76.56,0.8
hold,300,0.35,1.5,5,0.5,0,0.3,1800,2,2,110.02,21.28,2,0,21.28,55.01,3,2,6.14,-45.86,1,2,-51.98,6.12,-45.86,116.16,0.8
hold,300,0.35,1.5,5,0.5,0,0.5,900,2,2,112.34,23.6,2,0,23.6,56.17,3,2,-35.78,-50.47,1,2,-51.98,1.51,-50.47,76.56,0.8
hold,300,0.35,1.5,5,0.5,0,0.5,1800,2,2,110.02,21.28,2,0,21.28,55.01,3,2,6.14,-45.86,1,2,-51.98,6.12,-45.86,116.16,0.8
hold,300,0.35,1.5,5,0.5,5,0.3,900,2,2,221.59,23.6,2,0,23.6,110.8,3,2,-35.78,-50.47,1,2,-51.98,1.51,-50.47,185.81,0.8
hold,300,0.35,1.5,5,0.5,5,0.3,1800,2,2,219.27,21.28,2,0,21.28,109.64,3,2,6.14,-45.86,1,2,-51.98,6.12,-45.86,225.41,0.8
hold,300,0.35,1.5,5,0.5,5,0.5,900,2,2,221.59,23.6,2,0,23.6,110.8,3,2,-35.78,-50.47,1,2,-51.98,1.51,-50.47,185.81,0.8
hold,300,0.35,1.5,5,0.5,5,0.5,1800,2,2,219.27,21.28,2,0,21.28,109.64,3,2,6.14,-45.86,1,2,-51.98,6.12,-45.86,225.41,0.8
flow,120,0.2,1.5,0,0.4,0,0.3,900,18,8,713.53,527.65,11,7,-22.73,-4.68,41,21,715.87,565.85,9,32,-51.98,2.47,527.65,1429.4,0.4915254237288136
flow,120,0.2,1.5,0,0.4,0,0.3,1800,18,8,1561.5,686.18,11,7,-22.73,-4.68,41,21,704.23,573.55,9,32,-51.98,2.47,573.55,2265.73,0.4915254237288136
flow,120,0.2,1.5,0,0.4,0,0.5,900,18,9,778.63,592.75,11,7,-32.73,15.07,41,21,737.88,587.86,9,32,-51.98,2.47,587.86,1516.51,0.5084745762711864
flow,120,0.2,1.5,0,0.4,0,0.5,1800,18,9,1596.57,721.25,11,7,-32.73,9.1,41,21,703.55,572.87,9,32,-51.98,2.47,572.87,2300.12,0.5084745762711864
flow,120,0.2,1.5,0,0.4,5,0.3,900,18,8,791.76,593.06,11,7,-22.73,-4.68,41,21,884.11,689.71,9,32,-51.98,2.47,593.06,1675.87,0.4915254237288136
flow,120,0.2,1.5,0,0.4,5,0.3,1800,18,8,994.65,794.17,11,7,-22.73,-4.68,41,21,966.47,763.72,9,32,-51.98,2.47,763.72,1961.12,0.4915254237288136
flow,120,0.2,1.5,0,0.4,5,0.5,900,18,9,856.86,658.16,11,7,-32.73,15.07,41,21,906.12,711.72,9,32,-51.98,2.47,658.16,1762.98,0.5084745762711864
flow,120,0.2,1.5,0,0.4,5,0.5,1800,18,9,1029.72,829.24,11,7,-32.73,9.1,41,21,965.79,763.04,9,32,-51.98,2.47,763.04,1995.51,0.5084745762711864
flow,120,0.2,1.5,0,0.5,0,0.3,900,18,9,715.61,529.73,11,7,-22.73,5.7,41,20,1019.18,757.94,9,32,-51.98,-0.09,529.73,1734.79,0.4915254237288136
flow,120,0.2,1.5,0,0.5,0,0.3,1800,18,9,1509.69,634.37,11,7,-22.73,2.38,41,18,755.76,613.24,9,32,-51.98,-1.2,613.24,2265.45,0.4576271186440678
flow,120,0.2,1.5,0,0.5,0,0.5,900,18,10,780.71,594.83,11,7,-32.73,22.12,41,20,1041.19,779.95,9,32,-51.98,-0.09,594.83,1821.9,0.5084745762711864
flow,120,0.2,1.5,0,0.5,0,0.5,1800,18,10,1536.49,661.17,11,7,-32.73,12.02,41,18,755.08,612.56,9,32,-51.98,-1.2,612.56,2291.57,0.4745762711864407
flow,120,0.2,1.5,0,0.5,5,0.3,900,18,9,820.89,622.19,11,7,-22.73,5.7,41,20,1109.72,912.57,9,32,-51.98,-0.09,622.19,1930.6100000000001,0.4915254237288136
flow,120,0.2,1.5,0,0.5,5,0.3,1800,18,9,989.64,789.16,11,7,-22.73,2.38,41,18,1164.42,961.67,9,32,-51.98,-1.2,789.16,2154.06,0.4576271186440678
flow,120,0.2,1.5,0,0.5,5,0.5,900,18,10,885.99,687.29,11,7,-32.73,22.12,41,20,1131.73,934.58,9,32,-51.98,-0.09,687.29,2017.72,0.5084745762711864
flow,120,0.2,1.5,0,0.5,5,0.5,1800,18,10,1016.44,815.96,11,7,-32.73,12.02,41,18,1163.74,960.99,9,32,-51.98,-1.2,815.96,2180.1800000000003,0.4745762711864407
flow,120,0.2,1.5,3,0.4,0,0.3,900,7,3,290.47,104.59,2,5,-22.73,-7.55,32,18,676.85,526.83,6,26,-51.98,8.3,104.59,967.32,0.5384615384615384
flow,120,0.2,1.5,3,0.4,0,0.3,1800,7,3,933.22,57.9,2,5,-22.73,-7.55,32,17,566.0,435.32,6,26,-51.98,7.72,57.9,1499.22,0.5128205128205128
flow,120,0.2,1.5,3,0.4,0,0.5,900,7,3,286.88,101.0,2,5,-32.73,-7.55,32,18,687.52,537.5,6,26,-51.98,8.3,101.0,974.4,0.5384615384615384
flow,120,0.2,1.5,3,0.4,0,0.5,1800,7,3,929.63,54.31,2,5,-32.73,-7.55,32,17,557.97,427.29,6,26,-51.98,7.72,54.31,1487.6,0.5128205128205128
flow,120,0.2,1.5,3,0.4,5,0.3,900,7,3,298.78,104.59,2,5,-22.73,-7.55,32,18,845.09,650.69,6,26,-51.98,8.3,104.59,1143.87,0.5384615384615384
flow,120,0.2,1.5,3,0.4,5,0.3,1800,7,3,252.09,57.9,2,5,-22.73,-7.55,32,17,828.24,625.49,6,26,-51.98,7.72,57.9,1080.33,0.5128205128205128
flow,120,0.2,1.5,3,0.4,5,0.5,900,7,3,295.19,101.0,2,5,-32.73,-7.55,32,18,855.76,661.36,6,26,-51.98,8.3,101.0,1150.95,0.5384615384615384
flow,120,0.2,1.5,3,0.4,5,0.5,1800,7,3,248.5,54.31,2,5,-32.73,-7.55,32,17,820.21,617.46,6,26,-51.98,7.72,54.31,1068.71,0.5128205128205128
flow,120,0.2,1.5,3,0.5,0,0.3,900,7,3,290.47,104.59,2,5,-22.73,-7.55,32,17,981.99,720.75,6,26,-51.98,4.15,104.59,1272.46,0.5128205128205128
flow,120,0.2,1.5,3,0.5,0,0.3,1800,7,3,914.92,39.6,2,5,-22.73,-7.55,32,13,518.94,376.42,6,26,-51.98,-1.96,39.6,1433.8600000000001,0.41025641025641024
flow,120,0.2,1.5,3,0.5,0,0.5,900,7,3,286.88,101.0,2,5,-32.73,-7.55,32,17,992.66,731.42,6,26,-51.98,4.15,101.0,1279.54,0.5128205128205128
flow,120,0.2,1.5,3,0.5,0,0.5,1800,7,3,911.33,36.01,2,5,-32.73,-7.55,32,13,510.91,368.39,6,26,-51.98,-1.96,36.01,1422.24,0.41025641025641024
flow,120,0.2,1.5,3,0.5,5,0.3,900,7,3,298.78,104.59,2,5,-22.73,-7.55,32,17,1072.53,875.38,6,26,-51.98,4.15,104.59,1371.31,0.5128205128205128
flow,120,0.2,1.5,3,0.5,5,0.3,1800,7,3,233.79,39.6,2,5,-22.73,-7.55,32,13,927.6,724.85,6,26,-51.98,-1.96,39.6,1161.39,0.41025641025641024
flow,120,0.2,1.5,3,0.5,5,0.5,900,7,3,295.19,101.0,2,5,-32.73,-7.55,32,17,1083.2,886.05,6,26,-51.98,4.15,101.0,1378.39,0.5128205128205128
flow,120,0.2,1.5,3,0.5,5,0.5,1800,7,3,230.2,36.01,2,5,-32.73,-7.55,32,13,919.57,716.82,6,26,-51.98,-1.96,36.01,1149.77,0.41025641025641024
flow,120,0.2,1.5,5,0.4,0,0.3,900,10,4,403.0,217.12,3,7,-22.73,-8.02,40,20,678.42,528.4,8,32,-51.98,0.63,217.12,1081.42,0.48
flow,120,0.2,1.5,5,0.4,0,0.3,1800,10,4,1045.75,170.43,3,7,-22.73,-8.02,40,20,666.78,536.1,8,32,-51.98,0.63,170.43,1712.53,0.48
flow,120,0.2,1.5,5,0.4,0,0.5,900,10,4,394.73,208.85,3,7,-32.73,-8.02,40,20,700.43,550.41,8,32,-51.98,0.63,208.85,1095.1599999999999,0.48
flow,120,0.2,1.5,5,0.4,0,0.5,1800,10,4,1037.48,162.16,3,7,-32.73,-8.02,40,20,666.1,535.42,8,32,-51.98,0.63,162.16,1703.58,0.48
flow,120,0.2,1.5,5,0.4,5,0.3,900,10,4,455.36,261.17,3,7,-22.73,-8.02,40,20,846.66,652.26,8,32,-51.98,0.63,261.17,1302.02,0.48
flow,120,0.2,1.5,5,0.4,5,0.3,1800,10,4,408.67,214.48,3,7,-22.73,-8.02,40,20,929.02,726.27,8,32,-51.98,0.63,214.48,1337.69,0.48
flow,120,0.2,1.5,5,0.4,5,0.5,900,10,4,447.09,252.9,3,7,-32.73,-8.02,40,20,868.67,674.27,8,32,-51.98,0.63,252.9,1315.76,0.48
flow,120,0.2,1.5,5,0.4,5,0.5,1800,10,4,400.4,206.21,3,7,-32.73,-8.02,40,20,928.34,725.59,8,32,-51.98,0.63,206.21,1328.74,0.48
flow,120,0.2,1.5,5,0.5,0,0.3,900,10,4,385.39,199.51,3,7,-22.73,-4.22,40,19,988.72,727.48,8,32,-51.98,-0.42,199.51,1374.1100000000001,0.46
flow,120,0.2,1.5,5,0.5,0,0.3,1800,10,4,994.0,118.68,3,7,-22.73,-8.07,40,17,629.22,486.7,8,32,-51.98,-1.96,118.68,1623.22,0.42
flow,120,0.2,1.5,5,0.5,0,0.5,900,10,4,377.12,191.24,3,7,-32.73,-4.22,40,19,1010.73,749.49,8,32,-51.98,-0.42,191.24,1387.85,0.46
flow,120,0.2,1.5,5,0.5,0,0.5,1800,10,4,985.73,110.41,3,7,-32.73,-8.07,40,17,628.54,486.02,8,32,-51.98,-1.96,110.41,1614.27,0.42
flow,120,0.2,1.5,5,0.5,5,0.3,900,10,4,464.8,270.61,3,7,-22.73,-4.22,40,19,1079.26,882.11,8,32,-51.98,-0.42,270.61,1544.06,0.46
flow,120,0.2,1.5,5,0.5,5,0.3,1800,10,4,383.97,189.78,3,7,-22.73,-8.07,40,17,1037.88,835.13,8,32,-51.98,-1.96,189.78,1421.8500000000001,0.42
flow,120,0.2,1.5,5,0.5,5,0.5,900,10,4,456.53,262.34,3,7,-32.73,-4.22,40,19,1101.27,904.12,8,32,-51.98,-0.42,262.34,1557.8,0.46
flow,120,0.2,1.5,5,0.5,5,0.5,1800,10,4,375.7,181.51,3,7,-32.73,-8.07,40,17,1037.2,834.45,8,32,-51.98,-1.96,181.51,1412.9,0.42
flow,120,0.2,2.0,0,0.4,0,0.3,900,16,8,741.89,556.01,10,6,-22.73,15.07,30,16,631.39,481.37,7,23,-26.05,13.01,481.37,1373.28,0.5217391304347826
flow,120,0.2,2.0,0,0.4,0,0.3,1800,16,8,1589.86,714.54,10,6,-22.73,22.85,30,17,639.46,508.78,7,23,-26.05,15.18,508.78,2229.3199999999997,0.5434782608695652
flow,120,0.2,2.0,0,0.4,0,0.5,900,16,8,736.15,550.27,10,6,-32.73,15.07,30,16,653.4,503.38,7,23,-26.29,13.01,503.38,1389.55,0.5217391304347826
flow,120,0.2,2.0,0,0.4,0,0.5,1800,16,8,1584.12,708.8,10,6,-32.73,22.85,30,17,638.78,508.1,7,23,-26.29,15.18,508.1,2222.8999999999996,0.5434782608695652
flow,120,0.2,2.0,0,0.4,5,0.3,900,16,8,820.12,621.42,10,6,-22.73,15.07,30,16,695.11,500.71,7,23,-26.05,13.01,500.71,1515.23,0.5217391304347826
flow,120,0.2,2.0,0,0.4,5,0.3,1800,16,8,1023.01,822.53,10,6,-22.73,22.85,30,17,797.18,594.43,7,23,-26.05,15.18,594.43,1820.19,0.5434782608695652
flow,120,0.2,2.0,0,0.4,5,0.5,900,16,8,814.38,615.68,10,6,-32.73,15.07,30,16,717.12,522.72,7,23,-26.29,13.01,522.72,1531.5,0.5217391304347826
flow,120,0.2,2.0,0,0.4,5,0.5,1800,16,8,1017.27,816.79,10,6,-32.73,22.85,30,17,796.5,593.75,7,23,-26.29,15.18,593.75,1813.77,0.5434782608695652
flow,120,0.2,2.0,0,0.5,0,0.3,900,16,9,743.97,558.09,10,6,-22.73,22.12,30,16,872.57,611.33,7,23,-26.05,6.8,558.09,1616.54,0.5434782608695652
flow,120,0.2,2.0,0,0.5,0,0.3,1800,16,9,1538.05,662.73,10,6,-22.73,20.82,30,15,767.37,624.85,7,23,-26.05,1.45,624.85,2305.42,0.5217391304347826
flow,120,0.2,2.0,0,0.5,0,0.5,900,16,9,738.23,552.35,10,6,-32.73,22.12,30,16,894.58,633.34,7,23,-26.29,6.8,552.35,1632.81,0.5434782608695652
flow,120,0.2,2.0,0,0.5,0,0.5,1800,16,9,1532.31,656.99,10,6,-32.73,20.82,30,15,766.69,624.17,7,23,-26.29,1.45,624.17,2299.0,0.5217391304347826
flow,120,0.2,2.0,0,0.5,5,0.3,900,16,9,849.25,650.55,10,6,-22.73,22.12,30,16,936.31,739.16,7,23,-26.05,6.8,650.55,1785.56,0.5434782608695652
flow,120,0.2,2.0,0,0.5,5,0.3,1800,16,9,1018.0,817.52,10,6,-22.73,20.82,30,15,1013.84,811.09,7,23,-26.05,1.45,811.09,2031.8400000000001,0.5217391304347826
flow,120,0.2,2.0,0,0.5,5,0.5,900,16,9,843.51,644.81,10,6,-32.73,22.12,30,16,958.32,761.17,7,23,-26.29,6.8,644.81,1801.83,0.5434782608695652
flow,120,0.2,2.0,0,0.5,5,0.5,1800,16,9,1012.26,811.78,10,6,-32.73,20.82,30,15,1013.16,810.41,7,23,-26.29,1.45,810.41,2025.42,0.5217391304347826
flow,120,0.2,2.0,3,0.4,0,0.3,900,6,3,298.02,112.14,2,4,-22.73,16.19,21,13,592.37,442.35,4,17,-17.72,17.29,112.14,890.39,0.5925925925925926
flow,120,0.2,2.0,3,0.4,0,0.3,1800,6,3,940.77,65.45,2,4,-22.73,19.52,21,13,501.23,370.55,4,17,-17.72,17.29,65.45,1442.0,0.5925925925925926
flow,120,0.2,2.0,3,0.4,0,0.5,900,6,3,294.43,108.55,2,4,-32.73,16.19,21,13,603.04,453.02,4,17,-17.72,17.29,108.55,897.47,0.5925925925925926
flow,120,0.2,2.0,3,0.4,0,0.5,1800,6,3,937.18,61.86,2,4,-32.73,19.52,21,13,493.2,362.52,4,17,-24.89,17.29,61.86,1430.3799999999999,0.5925925925925926
flow,120,0.2,2.0,3,0.4,5,0.3,900,6,3,306.33,112.14,2,4,-22.73,16.19,21,13,656.09,461.69,4,17,-17.72,17.29,112.14,962.4200000000001,0.5925925925925926
flow,120,0.2,2.0,3,0.4,5,0.3,1800,6,3,259.64,65.45,2,4,-22.73,19.52,21,13,658.95,456.2,4,17,-17.72,17.29,65.45,918.59,0.5925925925925926
flow,120,0.2,2.0,3,0.4,5,0.5,900,6,3,302.74,108.55,2,4,-32.73,16.19,21,13,666.76,472.36,4,17,-17.72,17.29,108.55,969.5,0.5925925925925926
flow,120,0.2,2.0,3,0.4,5,0.5,1800,6,3,256.05,61.86,2,4,-32.73,19.52,21,13,650.92,448.17,4,17,-24.89,17.29,61.86,906.97,0.5925925925925926
flow,120,0.2,2.0,3,0.5,0,0.3,900,6,3,298.02,112.14,2,4,-22.73,16.19,21,13,835.38,574.14,4,17,-19.08,21.42,112.14,1133.4,0.5925925925925926
flow,120,0.2,2.0,3,0.5,0,0.3,1800,6,3,922.47,47.15,2,4,-22.73,10.37,21,10,530.55,388.03,4,17,-19.08,-0.09,47.15,1453.02,0.48148148148148145
flow,120,0.2,2.0,3,0.5,0,0.5,900,6,3,294.43,108.55,2,4,-32.73,16.19,21,13,846.05,584.81,4,17,-19.08,21.42,108.55,1140.48,0.5925925925925926
flow,120,0.2,2.0,3,0.5,0,0.5,1800,6,3,918.88,43.56,2,4,-32.73,10.37,21,10,522.52,380.0,4,17,-24.89,-0.09,43.56,1441.4,0.48148148148148145
flow,120,0.2,2.0,3,0.5,5,0.3,900,6,3,306.33,112.14,2,4,-22.73,16.19,21,13,899.12,701.97,4,17,-19.08,21.42,112.14,1205.45,0.5925925925925926
flow,120,0.2,2.0,3,0.5,5,0.3,1800,6,3,241.34,47.15,2,4,-22.73,10.37,21,10,777.02,574.27,4,17,-19.08,-0.09,47.15,1018.36,0.48148148148148145
flow,120,0.2,2.0,3,0.5,5,0.5,900,6,3,302.74,108.55,2,4,-32.73,16.19,21,13,909.79,712.64,4,17,-19.08,21.42,108.55,1212.53,0.5925925925925926
flow,120,0.2,2.0,3,0.5,5,0.5,1800,6,3,237.75,43.56,2,4,-32.73,10.37,21,10,768.99,566.24,4,17,-24.89,-0.09,43.56,1006.74,0.48148148148148145
flow,120,0.2,2.0,5,0.4,0,0.3,900,9,4,410.55,224.67,3,6,-22.73,-8.48,29,15,593.94,443.92,6,23,-26.05,12.96,224.67,1004.49,0.5
flow,120,0.2,2.0,5,0.4,0,0.3,1800,9,4,1053.3,177.98,3,6,-22.73,-8.48,29,16,602.01,471.33,6,23,-26.05,13.06,177.98,1655.31,0.5263157894736842
flow,120,0.2,2.0,5,0.4,0,0.5,900,9,4,402.28,216.4,3,6,-32.73,-8.48,29,15,615.95,465.93,6,23,-26.29,12.96,216.4,1018.23,0.5
flow,120,0.2,2.0,5,0.4,0,0.5,1800,9,4,1045.03,169.71,3,6,-32.73,-8.48,29,16,601.33,470.65,6,23,-26.29,13.06,169.71,1646.3600000000001,0.5263157894736842
flow,120,0.2,2.0,5,0.4,5,0.3,900,9,4,462.91,268.72,3,6,-22.73,-8.48,29,15,657.66,463.26,6,23,-26.05,12.96,268.72,1120.57,0.5
flow,120,0.2,2.0,5,0.4,5,0.3,1800,9,4,416.22,222.03,3,6,-22.73,-8.48,29,16,759.73,556.98,6,23,-26.05,13.06,222.03,1175.95,0.5263157894736842
flow,120,0.2,2.0,5,0.4,5,0.5,900,9,4,454.64,260.45,3,6,-32.73,-8.48,29,15,679.67,485.27,6,23,-26.29,12.96,260.45,1134.31,0.5
flow,120,0.2,2.0,5,0.4,5,0.5,1800,9,4,407.95,213.76,3,6,-32.73,-8.48,29,16,759.05,556.3,6,23,-26.29,13.06,213.76,1167.0,0.5263157894736842
flow,120,0.2,2.0,5,0.5,0,0.3,900,9,4,392.94,207.06,3,6,-22.73,-0.89,29,15,842.11,580.87,6,23,-26.05,4.65,207.06,1235.05,0.5
flow,120,0.2,2.0,5,0.5,0,0.3,1800,9,4,1001.55,126.23,3,6,-22.73,-8.6,29,14,640.83,498.31,6,23,-26.05,-0.09,126.23,1642.38,0.47368421052631576
flow,120,0.2,2.0,5,0.5,0,0.5,900,9,4,384.67,198.79,3,6,-32.73,-0.89,29,15,864.12,602.88,6,23,-26.29,4.65,198.79,1248.79,0.5
flow,120,0.2,2.0,5,0.5,0,0.5,1800,9,4,993.28,117.96,3,6,-32.73,-8.6,29,14,640.15,497.63,6,23,-26.29,-0.09,117.96,1633.4299999999998,0.47368421052631576
flow,120,0.2,2.0,5,0.5,5,0.3,900,9,4,472.35,278.16,3,6,-22.73,-0.89,29,15,905.85,708.7,6,23,-26.05,4.65,278.16,1378.2,0.5
flow,120,0.2,2.0,5,0.5,5,0.3,1800,9,4,391.52,197.33,3,6,-22.73,-8.6,29,14,887.3,684.55,6,23,-26.05,-0.09,197.33,1278.82,0.47368421052631576
flow,120,0.2,2.0,5,0.5,5,0.5,900,9,4,464.08,269.89,3,6,-32.73,-0.89,29,15,927.86,730.71,6,23,-26.29,4.65,269.89,1391.94,0.5
flow,120,0.2,2.0,5,0.5,5,0.5,1800,9,4,383.25,189.06,3,6,-32.73,-8.6,29,14,886.62,683.87,6,23,-26.29,-0.09,189.06,1269.87,0.47368421052631576
flow,180,0.2,1.5,0,0.4,0,0.3,900,18,9,474.94,332.89,11,7,-24.34,4.02,40,19,327.26,176.74,9,31,-51.98,-1.44,176.74,802.2,0.4827586206896552
flow,180,0.2,1.5,0,0.4,0,0.3,1800,18,9,1137.58,480.98,11,7,-24.34,4.02,40,19,295.23,189.0,9,31,-51.98,-1.44,189.0,1432.81,0.4827586206896552
flow,180,0.2,1.5,0,0.4,0,0.5,900,18,9,469.85,327.8,11,7,-24.34,4.02,40,21,432.53,282.01,9,31,-51.98,2.15,282.01,902.38,0.5172413793103449
flow,180,0.2,1.5,0,0.4,0,0.5,1800,18,9,1132.4,475.8,11,7,-24.34,4.02,40,21,388.46,282.23,9,31,-51.98,4.31,282.23,1520.8600000000001,0.5172413793103449
flow,180,0.2,1.5,0,0.4,5,0.3,900,18,9,545.39,345.34,11,7,-24.34,4.02,40,19,327.26,176.74,9,31,-51.98,-1.44,176.74,872.65,0.4827586206896552
flow,180,0.2,1.5,0,0.4,5,0.3,1800,18,9,719.69,508.5,11,7,-24.34,4.02,40,19,387.75,189.0,9,31,-51.98,-1.44,189.0,1107.44,0.4827586206896552
flow,180,0.2,1.5,0,0.4,5,0.5,900,18,9,540.3,340.25,11,7,-24.34,4.02,40,21,432.53,282.01,9,31,-51.98,2.15,282.01,972.8299999999999,0.5172413793103449
flow,180,0.2,1.5,0,0.4,5,0.5,1800,18,9,714.51,503.32,11,7,-24.34,4.02,40,21,480.98,282.23,9,31,-51.98,4.31,282.23,1195.49,0.5172413793103449
flow,180,0.2,1.5,0,0.5,0,0.3,900,18,11,524.54,382.49,11,7,-24.34,10.34,40,20,450.13,299.61,9,31,-51.98,1.37,299.61,974.67,0.5344827586206896
flow,180,0.2,1.5,0,0.5,0,0.3,1800,18,10,1089.17,432.57,11,7,-24.34,4.74,40,16,254.49,118.74,9,31,-51.98,-5.32,118.74,1343.66,0.4482758620689655
flow,180,0.2,1.5,0,0.5,0,0.5,900,18,11,519.45,377.4,11,7,-24.34,10.34,40,22,564.34,413.82,9,31,-51.98,3.74,377.4,1083.79,0.5689655172413793
flow,180,0.2,1.5,0,0.5,0,0.5,1800,18,10,1083.99,427.39,11,7,-24.34,4.74,40,18,337.48,201.73,9,31,-51.98,-2.36,201.73,1421.47,0.4827586206896552
flow,180,0.2,1.5,0,0.5,5,0.3,900,18,11,620.01,419.96,11,7,-24.34,10.34,40,20,450.13,299.61,9,31,-51.98,1.37,299.61,1070.1399999999999,0.5344827586206896
flow,180,0.2,1.5,0,0.5,5,0.3,1800,18,10,696.3,485.11,11,7,-24.34,4.74,40,16,317.49,118.74,9,31,-51.98,-5.32,118.74,1013.79,0.4482758620689655
flow,180,0.2,1.5,0,0.5,5,0.5,900,18,11,614.92,414.87,11,7,-24.34,10.34,40,22,564.34,413.82,9,31,-51.98,3.74,413.82,1179.26,0.5689655172413793
flow,180,0.2,1.5,0,0.5,5,0.5,1800,18,10,691.12,479.93,11,7,-24.34,4.74,40,18,400.48,201.73,9,31,-51.98,-2.36,201.73,1091.6,0.4827586206896552
flow,180,0.2,1.5,3,0.4,0,0.3,900,6,2,-19.49,-55.63,1,5,-24.34,-9.4,25,13,310.36,159.84,4,21,-51.98,2.47,-55.63,290.87,0.4838709677419355
flow,180,0.2,1.5,3,0.4,0,0.3,1800,6,2,6.22,-55.63,1,5,-24.34,-9.4,25,13,210.71,104.48,4,21,-51.98,2.47,-55.63,216.93,0.4838709677419355
flow,180,0.2,1.5,3,0.4,0,0.5,900,6,2,-24.84,-60.98,1,5,-24.34,-11.04,25,13,323.84,173.32,4,21,-51.98,2.47,-60.98,299.0,0.4838709677419355
flow,180,0.2,1.5,3,0.4,0,0.5,1800,6,2,0.78,-61.07,1,5,-24.34,-11.08,25,13,210.32,104.09,4,21,-51.98,2.47,-61.07,211.1,0.4838709677419355
flow,180,0.2,1.5,3,0.4,5,0.3,900,6,2,-19.49,-55.63,1,5,-24.34,-9.4,25,13,310.36,159.84,4,21,-51.98,2.47,-55.63,290.87,0.4838709677419355
flow,180,0.2,1.5,3,0.4,5,0.3,1800,6,2,6.22,-55.63,1,5,-24.34,-9.4,25,13,303.23,104.48,4,21,-51.98,2.47,-55.63,309.45000000000005,0.4838709677419355
flow,180,0.2,1.5,3,0.4,5,0.5,900,6,2,-24.84,-60.98,1,5,-24.34,-11.04,25,13,323.84,173.32,4,21,-51.98,2.47,-60.98,299.0,0.4838709677419355
flow,180,0.2,1.5,3,0.4,5,0.5,1800,6,2,0.78,-61.07,1,5,-24.34,-11.08,25,13,302.84,104.09,4,21,-51.98,2.47,-61.07,303.61999999999995,0.4838709677419355
flow,180,0.2,1.5,3,0.5,0,0.3,900,6,2,-19.49,-55.63,1,5,-24.34,-9.4,25,13,428.03,277.51,4,21,-51.98,3.49,-55.63,408.53999999999996,0.4838709677419355
flow,180,0.2,1.5,3,0.5,0,0.3,1800,6,2,6.22,-55.63,1,5,-24.34,-9.4,25,10,173.09,37.34,4,21,-51.98,-2.72,-55.63,179.31,0.3870967741935484
flow,180,0.2,1.5,3,0.5,0,0.5,900,6,2,-24.84,-60.98,1,5,-24.34,-11.04,25,13,441.51,290.99,4,21,-51.98,3.49,-60.98,416.67,0.4838709677419355
flow,180,0.2,1.5,3,0.5,0,0.5,1800,6,2,0.78,-61.07,1,5,-24.34,-11.08,25,10,169.15,33.4,4,21,-51.98,-2.72,-61.07,169.93,0.3870967741935484
flow,180,0.2,1.5,3,0.5,5,0.3,900,6,2,-19.49,-55.63,1,5,-24.34,-9.4,25,13,428.03,277.51,4,21,-51.98,3.49,-55.63,408.53999999999996,0.4838709677419355
flow,180,0.2,1.5,3,0.5,5,0.3,1800,6,2,6.22,-55.63,1,5,-24.34,-9.4,25,10,236.09,37.34,4,21,-51.98,-2.72,-55.63,242.31,0.3870967741935484
flow,180,0.2,1.5,3,0.5,5,0.5,900,6,2,-24.84,-60.98,1,5,-24.34,-11.04,25,13,441.51,290.99,4,21,-51.98,3.49,-60.98,416.67,0.4838709677419355
flow,180,0.2,1.5,3,0.5,5,0.5,1800,6,2,0.78,-61.07,1,5,-24.34,-11.08,25,10,232.15,33.4,4,21,-51.98,-2.72,-61.07,232.93,0.3870967741935484
flow,180,0.2,1.5,5,0.4,0,0.3,900,10,5,306.9,164.85,3,7,-24.34,3.28,39,18,309.12,158.6,8,31,-51.98,-2.72,158.6,616.02,0.46938775510204084
flow,180,0.2,1.5,5,0.4,0,0.3,1800,10,5,800.21,143.61,3,7,-24.34,3.28,39,18,277.09,170.86,8,31,-51.98,-2.72,143.61,1077.3,0.46938775510204084
flow,180,0.2,1.5,5,0.4,0,0.5,900,10,5,301.55,159.5,3,7,-24.34,3.28,39,20,414.39,263.87,8,31,-51.98,1.84,159.5,715.94,0.5102040816326531
flow,180,0.2,1.5,5,0.4,0,0.5,1800,10,5,794.77,138.17,3,7,-24.34,3.28,39,20,370.32,264.09,8,31,-51.98,2.47,138.17,1165.09,0.5102040816326531
flow,180,0.2,1.5,5,0.4,5,0.3,900,10,5,377.35,177.3,3,7,-24.34,3.28,39,18,309.12,158.6,8,31,-51.98,-2.72,158.6,686.47,0.46938775510204084
flow,180,0.2,1.5,5,0.4,5,0.3,1800,10,5,425.25,214.06,3,7,-24.34,3.28,39,18,369.61,170.86,8,31,-51.98,-2.72,170.86,794.86,0.46938775510204084
flow,180,0.2,1.5,5,0.4,5,0.5,900,10,5,372.0,171.95,3,7,-24.34,3.28,39,20,414.39,263.87,8,31,-51.98,1.84,171.95,786.39,0.5102040816326531
flow,180,0.2,1.5,5,0.4,5,0.5,1800,10,5,419.81,208.62,3,7,-24.34,3.28,39,20,462.84,264.09,8,31,-51.98,2.47,208.62,882.65,0.5102040816326531
flow,180,0.2,1.5,5,0.5,0,0.3,900,10,6,294.21,152.16,3,7,-24.34,7.5,39,19,413.58,263.06,8,31,-51.98,-0.75,152.16,707.79,0.5102040816326531
flow,180,0.2,1.5,5,0.5,0,0.3,1800,10,5,756.22,99.62,3,7,-24.34,-0.05,39,15,166.82,31.07,8,31,-51.98,-6.22,31.07,923.04,0.40816326530612246
flow,180,0.2,1.5,5,0.5,0,0.5,900,10,6,288.86,146.81,3,7,-24.34,7.5,39,21,527.79,377.27,8,31,-51.98,3.49,146.81,816.65,0.5510204081632653
flow,180,0.2,1.5,5,0.5,0,0.5,1800,10,5,750.78,94.18,3,7,-24.34,-0.05,39,17,249.81,114.06,8,31,-51.98,-2.72,94.18,1000.5899999999999,0.4489795918367347
flow,180,0.2,1.5,5,0.5,5,0.3,900,10,6,389.68,189.63,3,7,-24.34,7.5,39,19,413.58,263.06,8,31,-51.98,-0.75,189.63,803.26,0.5102040816326531
flow,180,0.2,1.5,5,0.5,5,0.3,1800,10,5,406.28,195.09,3,7,-24.34,-0.05,39,15,229.82,31.07,8,31,-51.98,-6.22,31.07,636.0999999999999,0.40816326530612246
flow,180,0.2,1.5,5,0.5,5,0.5,900,10,6,384.33,184.28,3,7,-24.34,7.5,39,21,527.79,377.27,8,31,-51.98,3.49,184.28,912.1199999999999,0.5510204081632653
flow,180,0.2,1.5,5,0.5,5,0.5,1800,10,5,400.84,189.65,3,7,-24.34,-0.05,39,17,312.81,114.06,8,31,-51.98,-2.72,114.06,713.65,0.4489795918367347
flow,180,0.2,2.0,0,0.4,0,0.3,900,16,8,409.76,267.71,10,6,-24.34,4.02,29,14,221.65,71.13,7,22,-20.16,-0.16,71.13,631.41,0.4888888888888889
flow,180,0.2,2.0,0,0.4,0,0.3,1800,16,8,1101.09,444.49,10,6,-24.34,4.02,29,14,241.66,135.43,7,22,-20.16,-0.16,135.43,1342.75,0.4888888888888889
flow,180,0.2,2.0,0,0.4,0,0.5,900,16,8,404.67,262.62,10,6,-24.34,4.02,29,16,326.92,176.4,7,22,-26.87,6.15,176.4,731.59,0.5333333333333333
flow,180,0.2,2.0,0,0.4,0,0.5,1800,16,8,1095.91,439.31,10,6,-24.34,4.02,29,16,334.89,228.66,7,22,-26.87,8.02,228.66,1430.8000000000002,0.5333333333333333
flow,180,0.2,2.0,0,0.4,5,0.3,900,16,8,480.21,280.16,10,6,-24.34,4.02,29,14,221.65,71.13,7,22,-20.16,-0.16,71.13,701.86,0.4888888888888889
flow,180,0.2,2.0,0,0.4,5,0.3,1800,16,8,683.2,472.01,10,6,-24.34,4.02,29,14,334.18,135.43,7,22,-20.16,-0.16,135.43,1017.3800000000001,0.4888888888888889
flow,180,0.2,2.0,0,0.4,5,0.5,900,16,8,475.12,275.07,10,6,-24.34,4.02,29,16,326.92,176.4,7,22,-26.87,6.15,176.4,802.04,0.5333333333333333
flow,180,0.2,2.0,0,0.4,5,0.5,1800,16,8,678.02,466.83,10,6,-24.34,4.02,29,16,427.41,228.66,7,22,-26.87,8.02,228.66,1105.43,0.5333333333333333
flow,180,0.2,2.0,0,0.5,0,0.3,900,16,10,459.36,317.31,10,6,-24.34,10.34,29,16,304.06,153.54,7,22,-21.58,4.0,153.54,763.4200000000001,0.5777777777777777
flow,180,0.2,2.0,0,0.5,0,0.3,1800,16,9,1063.07,406.47,10,6,-24.34,4.74,29,12,273.39,137.64,7,22,-21.58,-11.39,137.64,1336.46,0.4666666666666667
flow,180,0.2,2.0,0,0.5,0,0.5,900,16,10,454.27,312.22,10,6,-24.34,10.34,29,18,418.27,267.75,7,22,-26.87,6.15,267.75,872.54,0.6222222222222222
flow,180,0.2,2.0,0,0.5,0,0.5,1800,16,9,1057.89,401.29,10,6,-24.34,4.74,29,14,356.38,220.63,7,22,-26.87,-2.01,220.63,1414.27,0.5111111111111111
flow,180,0.2,2.0,0,0.5,5,0.3,900,16,10,554.83,354.78,10,6,-24.34,10.34,29,16,304.06,153.54,7,22,-21.58,4.0,153.54,858.8900000000001,0.5777777777777777
flow,180,0.2,2.0,0,0.5,5,0.3,1800,16,9,670.2,459.01,10,6,-24.34,4.74,29,12,336.39,137.64,7,22,-21.58,-11.39,137.64,1006.59,0.4666666666666667
flow,180,0.2,2.0,0,0.5,5,0.5,900,16,10,549.74,349.69,10,6,-24.34,10.34,29,18,418.27,267.75,7,22,-26.87,6.15,267.75,968.01,0.6222222222222222
flow,180,0.2,2.0,0,0.5,5,0.5,1800,16,9,665.02,453.83,10,6,-24.34,4.74,29,14,419.38,220.63,7,22,-26.87,-2.01,220.63,1084.4,0.5111111111111111
flow,180,0.2,2.0,3,0.4,0,0.3,900,5,2,-17.98,-54.12,1,4,-24.34,-17.3,14,8,204.75,54.23,2,12,-20.16,9.06,-54.12,186.77,0.5263157894736842
flow,180,0.2,2.0,3,0.4,0,0.3,1800,5,2,7.73,-54.12,1,4,-24.34,-17.3,14,8,157.14,50.91,2,12,-20.16,9.06,-54.12,164.86999999999998,0.5263157894736842
flow,180,0.2,2.0,3,0.4,0,0.5,900,5,2,-23.33,-59.47,1,4,-24.34,-20.56,14,8,218.23,67.71,2,12,-23.61,9.06,-59.47,194.89999999999998,0.5263157894736842
flow,180,0.2,2.0,3,0.4,0,0.5,1800,5,2,2.29,-59.56,1,4,-24.34,-20.65,14,8,156.75,50.52,2,12,-23.61,9.06,-59.56,159.04,0.5263157894736842
flow,180,0.2,2.0,3,0.4,5,0.3,900,5,2,-17.98,-54.12,1,4,-24.34,-17.3,14,8,204.75,54.23,2,12,-20.16,9.06,-54.12,186.77,0.5263157894736842
flow,180,0.2,2.0,3,0.4,5,0.3,1800,5,2,7.73,-54.12,1,4,-24.34,-17.3,14,8,249.66,50.91,2,12,-20.16,9.06,-54.12,257.39,0.5263157894736842
flow,180,0.2,2.0,3,0.4,5,0.5,900,5,2,-23.33,-59.47,1,4,-24.34,-20.56,14,8,218.23,67.71,2,12,-23.61,9.06,-59.47,194.89999999999998,0.5263157894736842
flow,180,0.2,2.0,3,0.4,5,0.5,1800,5,2,2.29,-59.56,1,4,-24.34,-20.65,14,8,249.27,50.52,2,12,-23.61,9.06,-59.56,251.56,0.5263157894736842
flow,180,0.2,2.0,3,0.5,0,0.3,900,5,2,-17.98,-54.12,1,4,-24.34,-17.3,14,9,281.96,131.44,2,12,-20.16,5.24,-54.12,263.97999999999996,0.5789473684210527
flow,180,0.2,2.0,3,0.5,0,0.3,1800,5,2,7.73,-54.12,1,4,-24.34,-17.3,14,6,191.99,56.24,2,12,-20.16,-4.12,-54.12,199.72,0.42105263157894735
flow,180,0.2,2.0,3,0.5,0,0.5,900,5,2,-23.33,-59.47,1,4,-24.34,-20.56,14,9,295.44,144.92,2,12,-23.61,5.24,-59.47,272.11,0.5789473684210527
flow,180,0.2,2.0,3,0.5,0,0.5,1800,5,2,2.29,-59.56,1,4,-24.34,-20.65,14,6,188.05,52.3,2,12,-23.61,-4.12,-59.56,190.34,0.42105263157894735
flow,180,0.2,2.0,3,0.5,5,0.3,900,5,2,-17.98,-54.12,1,4,-24.34,-17.3,14,9,281.96,131.44,2,12,-20.16,5.24,-54.12,263.97999999999996,0.5789473684210527
flow,180,0.2,2.0,3,0.5,5,0.3,1800,5,2,7.73,-54.12,1,4,-24.34,-17.3,14,6,254.99,56.24,2,12,-20.16,-4.12,-54.12,262.72,0.42105263157894735
flow,180,0.2,2.0,3,0.5,5,0.5,900,5,2,-23.33,-59.47,1,4,-24.34,-20.56,14,9,295.44,144.92,2,12,-23.61,5.24,-59.47,272.11,0.5789473684210527
flow,180,0.2,2.0,3,0.5,5,0.5,1800,5,2,2.29,-59.56,1,4,-24.34,-20.65,14,6,251.05,52.3,2,12,-23.61,-4.12,-59.56,253.34,0.42105263157894735
flow,180,0.2,2.0,5,0.4,0,0.3,900,9,5,308.41,166.36,3,6,-24.34,8.08,28,13,203.51,52.99,6,22,-20.16,-4.12,52.99,511.92,0.4864864864864865
flow,180,0.2,2.0,5,0.4,0,0.3,1800,9,5,801.72,145.12,3,6,-24.34,8.08,28,13,223.52,117.29,6,22,-20.16,-5.55,117.29,1025.24,0.4864864864864865
flow,180,0.2,2.0,5,0.4,0,0.5,900,9,5,303.06,161.01,3,6,-24.34,8.08,28,15,308.78,158.26,6,22,-26.87,4.0,158.26,611.8399999999999,0.5405405405405406
flow,180,0.2,2.0,5,0.4,0,0.5,1800,9,5,796.28,139.68,3,6,-24.34,8.08,28,15,316.75,210.52,6,22,-26.87,7.08,139.68,1113.03,0.5405405405405406
flow,180,0.2,2.0,5,0.4,5,0.3,900,9,5,378.86,178.81,3,6,-24.34,8.08,28,13,203.51,52.99,6,22,-20.16,-4.12,52.99,582.37,0.4864864864864865
flow,180,0.2,2.0,5,0.4,5,0.3,1800,9,5,426.76,215.57,3,6,-24.34,8.08,28,13,316.04,117.29,6,22,-20.16,-5.55,117.29,742.8,0.4864864864864865
flow,180,0.2,2.0,5,0.4,5,0.5,900,9,5,373.51,173.46,3,6,-24.34,8.08,28,15,308.78,158.26,6,22,-26.87,4.0,158.26,682.29,0.5405405405405406
flow,180,0.2,2.0,5,0.4,5,0.5,1800,9,5,421.32,210.13,3,6,-24.34,8.08,28,15,409.27,210.52,6,22,-26.87,7.08,210.13,830.5899999999999,0.5405405405405406
flow,180,0.2,2.0,5,0.5,0,0.3,900,9,6,295.72,153.67,3,6,-24.34,8.08,28,15,267.51,116.99,6,22,-21.58,3.74,116.99,563.23,0.5675675675675675
flow,180,0.2,2.0,5,0.5,0,0.3,1800,9,5,757.73,101.13,3,6,-24.34,1.41,28,11,185.72,49.97,6,22,-21.58,-11.85,49.97,943.45,0.43243243243243246
flow,180,0.2,2.0,5,0.5,0,0.5,900,9,6,290.37,148.32,3,6,-24.34,8.08,28,17,381.72,231.2,6,22,-26.87,5.08,148.32,672.09,0.6216216216216216
flow,180,0.2,2.0,5,0.5,0,0.5,1800,9,5,752.29,95.69,3,6,-24.34,1.41,28,13,268.71,132.96,6,22,-26.87,-3.45,95.69,1021.0,0.4864864864864865
flow,180,0.2,2.0,5,0.5,5,0.3,900,9,6,391.19,191.14,3,6,-24.34,8.08,28,15,267.51,116.99,6,22,-21.58,3.74,116.99,658.7,0.5675675675675675
flow,180,0.2,2.0,5,0.5,5,0.3,1800,9,5,407.79,196.6,3,6,-24.34,1.41,28,11,248.72,49.97,6,22,-21.58,-11.85,49.97,656.51,0.43243243243243246
flow,180,0.2,2.0,5,0.5,5,0.5,900,9,6,385.84,185.79,3,6,-24.34,8.08,28,17,381.72,231.2,6,22,-26.87,5.08,185.79,767.56,0.6216216216216216
flow,180,0.2,2.0,5,0.5,5,0.5,1800,9,5,402.35,191.16,3,6,-24.34,1.41,28,13,331.71,132.96,6,22,-26.87,-3.45,132.96,734.06,0.4864864864864865
flow,300,0.2,1.5,0,0.4,0,0.3,900,18,9,229.37,118.15,11,7,-31.23,3.28,39,18,377.94,123.78,9,30,-26.16,-2.2,118.15,607.31,0.47368421052631576
flow,300,0.2,1.5,0,0.4,0,0.3,1800,18,9,636.82,234.0,11,7,-31.23,1.27,39,17,245.78,114.68,9,30,-26.16,-2.72,114.68,882.6,0.45614035087719296
flow,300,0.2,1.5,0,0.4,0,0.5,900,18,10,256.28,145.06,11,7,-31.23,8.07,39,20,466.83,212.67,9,30,-31.04,2.14,145.06,723.1099999999999,0.5263157894736842
flow,300,0.2,1.5,0,0.4,0,0.5,1800,18,10,660.89,258.07,11,7,-31.23,6.06,39,18,281.2,150.1,9,30,-31.04,-2.2,150.1,942.0899999999999,0.49122807017543857
flow,300,0.2,1.5,0,0.4,5,0.3,900,18,9,316.14,118.15,11,7,-31.23,3.28,39,18,317.43,123.78,9,30,-26.16,-2.2,118.15,633.5699999999999,0.47368421052631576
flow,300,0.2,1.5,0,0.4,5,0.3,1800,18,9,518.86,320.77,11,7,-31.23,1.27,39,17,308.33,114.68,9,30,-26.16,-2.72,114.68,827.19,0.45614035087719296
flow,300,0.2,1.5,0,0.4,5,0.5,900,18,10,343.05,145.06,11,7,-31.23,8.07,39,20,406.32,212.67,9,30,-31.04,2.14,145.06,749.37,0.5263157894736842
flow,300,0.2,1.5,0,0.4,5,0.5,1800,18,10,542.93,344.84,11,7,-31.23,6.06,39,18,343.75,150.1,9,30,-31.04,-2.2,150.1,886.68,0.49122807017543857
flow,300,0.2,1.5,0,0.5,0,0.3,900,18,9,217.31,128.57,11,7,-31.23,3.28,39,19,440.03,185.87,9,30,-26.16,-2.72,128.57,657.3399999999999,0.49122807017543857
flow,300,0.2,1.5,0,0.5,0,0.3,1800,18,8,584.57,181.75,11,7,-31.23,-3.77,39,14,161.28,-3.99,9,30,-26.16,-6.31,-3.99,745.85,0.38596491228070173
flow,300,0.2,1.5,0,0.5,0,0.5,900,18,10,244.22,155.48,11,7,-31.23,8.07,39,21,528.92,274.76,9,30,-31.04,4.36,155.48,773.14,0.543859649122807
flow,300,0.2,1.5,0,0.5,0,0.5,1800,18,9,608.64,205.82,11,7,-31.23,3.28,39,16,210.34,45.07,9,30,-31.04,-4.43,45.07,818.98,0.43859649122807015
flow,300,0.2,1.5,0,0.5,5,0.3,900,18,9,326.56,128.57,11,7,-31.23,3.28,39,19,379.52,185.87,9,30,-26.16,-2.72,128.57,706.0799999999999,0.49122807017543857
flow,300,0.2,1.5,0,0.5,5,0.3,1800,18,8,489.09,291.0,11,7,-31.23,-3.77,39,14,189.66,-3.99,9,30,-26.16,-6.31,-3.99,678.75,0.38596491228070173
flow,300,0.2,1.5,0,0.5,5,0.5,900,18,10,353.47,155.48,11,7,-31.23,8.07,39,21,468.41,274.76,9,30,-31.04,4.36,155.48,821.8800000000001,0.543859649122807
flow,300,0.2,1.5,0,0.5,5,0.5,1800,18,9,513.16,315.07,11,7,-31.23,3.28,39,16,238.72,45.07,9,30,-31.04,-4.43,45.07,751.88,0.43859649122807015
flow,300,0.2,1.5,3,0.4,0,0.3,900,6,2,-29.86,-65.85,1,5,-31.23,-9.97,22,12,366.79,112.63,2,20,-19.44,3.12,-65.85,336.93,0.5
flow,300,0.2,1.5,3,0.4,0,0.3,1800,6,2,-4.22,-65.85,1,5,-31.23,-9.97,22,11,173.37,42.27,2,20,-19.44,-0.03,-65.85,169.15,0.4642857142857143
flow,300,0.2,1.5,3,0.4,0,0.5,900,6,2,-29.94,-65.93,1,5,-31.23,-9.97,22,13,414.34,160.18,2,20,-17.55,4.23,-65.93,384.4,0.5357142857142857
flow,300,0.2,1.5,3,0.4,0,0.5,1800,6,2,-4.3,-65.93,1,5,-31.23,-9.97,22,11,176.44,45.34,2,20,-20.71,-0.03,-65.93,172.14,0.4642857142857143
flow,300,0.2,1.5,3,0.4,5,0.3,900,6,2,-29.86,-65.85,1,5,-31.23,-9.97,22,12,306.28,112.63,2,20,-19.44,3.12,-65.85,276.41999999999996,0.5
flow,300,0.2,1.5,3,0.4,5,0.3,1800,6,2,-4.22,-65.85,1,5,-31.23,-9.97,22,11,235.92,42.27,2,20,-19.44,-0.03,-65.85,231.7,0.4642857142857143
flow,300,0.2,1.5,3,0.4,5,0.5,900,6,2,-29.94,-65.93,1,5,-31.23,-9.97,22,13,353.83,160.18,2,20,-17.55,4.23,-65.93,323.89,0.5357142857142857
flow,300,0.2,1.5,3,0.4,5,0.5,1800,6,2,-4.3,-65.93,1,5,-31.23,-9.97,22,11,238.99,45.34,2,20,-20.71,-0.03,-65.93,234.69,0.4642857142857143
flow,300,0.2,1.5,3,0.5,0,0.3,900,6,2,-29.86,-65.85,1,5,-31.23,-9.97,22,11,393.74,139.58,2,20,-19.44,-0.96,-65.85,363.88,0.4642857142857143
flow,300,0.2,1.5,3,0.5,0,0.3,1800,6,2,-4.22,-65.85,1,5,-31.23,-9.97,22,9,179.61,14.34,2,20,-19.44,-3.58,-65.85,175.39000000000001,0.39285714285714285
flow,300,0.2,1.5,3,0.5,0,0.5,900,6,2,-29.94,-65.93,1,5,-31.23,-9.97,22,12,441.29,187.13,2,20,-17.55,2.58,-65.93,411.35,0.5
flow,300,0.2,1.5,3,0.5,0,0.5,1800,6,2,-4.3,-65.93,1,5,-31.23,-9.97,22,10,196.32,31.05,2,20,-20.71,-2.72,-65.93,192.01999999999998,0.42857142857142855
flow,300,0.2,1.5,3,0.5,5,0.3,900,6,2,-29.86,-65.85,1,5,-31.23,-9.97,22,11,333.23,139.58,2,20,-19.44,-0.96,-65.85,303.37,0.4642857142857143
flow,300,0.2,1.5,3,0.5,5,0.3,1800,6,2,-4.22,-65.85,1,5,-31.23,-9.97,22,9,207.99,14.34,2,20,-19.44,-3.58,-65.85,203.77,0.39285714285714285
flow,300,0.2,1.5,3,0.5,5,0.5,900,6,2,-29.94,-65.93,1,5,-31.23,-9.97,22,12,380.78,187.13,2,20,-17.55,2.58,-65.93,350.84,0.5
flow,300,0.2,1.5,3,0.5,5,0.5,1800,6,2,-4.3,-65.93,1,5,-31.23,-9.97,22,10,224.7,31.05,2,20,-20.71,-2.72,-65.93,220.39999999999998,0.42857142857142855
flow,300,0.2,1.5,5,0.4,0,0.3,900,8,3,63.69,-47.53,2,6,-31.23,-9.59,37,18,408.59,154.43,7,30,-26.16,-1.71,-47.53,472.28,0.4666666666666667
flow,300,0.2,1.5,5,0.4,0,0.3,1800,8,3,89.33,-21.89,2,6,-31.23,-9.59,37,17,276.43,145.33,7,30,-26.16,-2.2,-21.89,365.76,0.4444444444444444
flow,300,0.2,1.5,5,0.4,0,0.5,900,8,3,65.88,-45.34,2,6,-31.23,-8.46,37,20,483.44,229.28,7,30,-31.04,3.63,-45.34,549.3199999999999,0.5111111111111111
flow,300,0.2,1.5,5,0.4,0,0.5,1800,8,3,88.68,-22.54,2,6,-31.23,-9.88,37,17,278.53,147.43,7,30,-31.04,-2.2,-22.54,367.21,0.4444444444444444
flow,300,0.2,1.5,5,0.4,5,0.3,900,8,3,150.46,-47.53,2,6,-31.23,-9.59,37,18,348.08,154.43,7,30,-26.16,-1.71,-47.53,498.53999999999996,0.4666666666666667
flow,300,0.2,1.5,5,0.4,5,0.3,1800,8,3,176.1,-21.89,2,6,-31.23,-9.59,37,17,338.98,145.33,7,30,-26.16,-2.2,-21.89,515.08,0.4444444444444444
flow,300,0.2,1.5,5,0.4,5,0.5,900,8,3,152.65,-45.34,2,6,-31.23,-8.46,37,20,422.93,229.28,7,30,-31.04,3.63,-45.34,575.58,0.5111111111111111
flow,300,0.2,1.5,5,0.4,5,0.5,1800,8,3,175.45,-22.54,2,6,-31.23,-9.88,37,17,341.08,147.43,7,30,-31.04,-2.2,-22.54,516.53,0.4444444444444444
flow,300,0.2,1.5,5,0.5,0,0.3,900,8,3,41.21,-47.53,2,6,-31.23,-9.59,37,19,470.68,216.52,7,30,-26.16,0.8,-47.53,511.89,0.4888888888888889
flow,300,0.2,1.5,5,0.5,0,0.3,1800,8,3,66.85,-21.89,2,6,-31.23,-9.59,37,14,191.93,26.66,7,30,-26.16,-5.84,-21.89,258.78,0.37777777777777777
flow,300,0.2,1.5,5,0.5,0,0.5,900,8,3,43.4,-45.34,2,6,-31.23,-8.46,37,21,545.53,291.37,7,30,-31.04,4.9,-45.34,588.93,0.5333333333333333
flow,300,0.2,1.5,5,0.5,0,0.5,1800,8,3,66.2,-22.54,2,6,-31.23,-9.88,37,15,207.67,42.4,7,30,-31.04,-4.43,-22.54,273.87,0.4
flow,300,0.2,1.5,5,0.5,5,0.3,900,8,3,150.46,-47.53,2,6,-31.23,-9.59,37,19,410.17,216.52,7,30,-26.16,0.8,-47.53,560.63,0.4888888888888889
flow,300,0.2,1.5,5,0.5,5,0.3,1800,8,3,176.1,-21.89,2,6,-31.23,-9.59,37,14,220.31,26.66,7,30,-26.16,-5.84,-21.89,396.40999999999997,0.37777777777777777
flow,300,0.2,1.5,5,0.5,5,0.5,900,8,3,152.65,-45.34,2,6,-31.23,-8.46,37,21,485.02,291.37,7,30,-31.04,4.9,-45.34,637.67,0.5333333333333333
flow,300,0.2,1.5,5,0.5,5,0.5,1800,8,3,175.45,-22.54,2,6,-31.23,-9.88,37,15,236.05,42.4,7,30,-31.04,-4.43,-22.54,411.5,0.4
flow,300,0.2,2.0,0,0.4,0,0.3,900,16,8,175.18,63.96,10,6,-31.23,-0.26,29,13,296.56,42.4,7,22,-26.16,-2.2,42.4,471.74,0.4666666666666667
flow,300,0.2,2.0,0,0.4,0,0.3,1800,16,8,610.55,207.73,10,6,-31.23,-2.28,29,12,224.25,93.15,7,22,-26.16,-2.72,93.15,834.8,0.4444444444444444
flow,300,0.2,2.0,0,0.4,0,0.5,900,16,9,202.09,90.87,10,6,-31.23,8.07,29,15,385.45,131.29,7,22,-31.04,2.14,90.87,587.54,0.5333333333333333
flow,300,0.2,2.0,0,0.4,0,0.5,1800,16,9,634.62,231.8,10,6,-31.23,6.06,29,13,259.67,128.57,7,22,-31.04,-2.2,128.57,894.29,0.4888888888888889
flow,300,0.2,2.0,0,0.4,5,0.3,900,16,8,261.95,63.96,10,6,-31.23,-0.26,29,13,236.05,42.4,7,22,-26.16,-2.2,42.4,498.0,0.4666666666666667
flow,300,0.2,2.0,0,0.4,5,0.3,1800,16,8,492.59,294.5,10,6,-31.23,-2.28,29,12,286.8,93.15,7,22,-26.16,-2.72,93.15,779.39,0.4444444444444444
flow,300,0.2,2.0,0,0.4,5,0.5,900,16,9,288.86,90.87,10,6,-31.23,8.07,29,15,324.94,131.29,7,22,-31.04,2.14,90.87,613.8,0.5333333333333333
flow,300,0.2,2.0,0,0.4,5,0.5,1800,16,9,516.66,318.57,10,6,-31.23,6.06,29,13,322.22,128.57,7,22,-31.04,-2.2,128.57,838.88,0.4888888888888889
flow,300,0.2,2.0,0,0.5,0,0.3,900,16,8,163.12,74.38,10,6,-31.23,-0.26,29,14,358.04,103.88,7,22,-26.16,-2.72,74.38,521.1600000000001,0.4888888888888889
flow,300,0.2,2.0,0,0.5,0,0.3,1800,16,7,567.49,164.67,10,6,-31.23,-7.32,29,10,189.34,24.07,7,22,-26.16,-7.49,24.07,756.83,0.37777777777777777
flow,300,0.2,2.0,0,0.5,0,0.5,900,16,9,190.03,101.29,10,6,-31.23,8.07,29,16,446.93,192.77,7,22,-31.04,4.9,101.29,636.96,0.5555555555555556
flow,300,0.2,2.0,0,0.5,0,0.5,1800,16,8,591.56,188.74,10,6,-31.23,1.02,29,12,238.4,73.13,7,22,-31.04,-5.84,73.13,829.9599999999999,0.4444444444444444
flow,300,0.2,2.0,0,0.5,5,0.3,900,16,8,272.37,74.38,10,6,-31.23,-0.26,29,14,297.53,103.88,7,22,-26.16,-2.72,74.38,569.9,0.4888888888888889
flow,300,0.2,2.0,0,0.5,5,0.3,1800,16,7,472.01,273.92,10,6,-31.23,-7.32,29,10,217.72,24.07,7,22,-26.16,-7.49,24.07,689.73,0.37777777777777777
flow,300,0.2,2.0,0,0.5,5,0.5,900,16,9,299.28,101.29,10,6,-31.23,8.07,29,16,386.42,192.77,7,22,-31.04,4.9,101.29,685.7,0.5555555555555556
flow,300,0.2,2.0,0,0.5,5,0.5,1800,16,8,496.08,297.99,10,6,-31.23,1.02,29,12,266.78,73.13,7,22,-31.04,-5.84,73.13,762.8599999999999,0.4444444444444444
flow,300,0.2,2.0,3,0.4,0,0.3,900,5,2,-28.35,-64.34,1,4,-31.23,-18.43,13,7,268.22,14.06,1,12,-19.44,2.14,-64.34,239.87000000000003,0.5
flow,300,0.2,2.0,3,0.4,0,0.3,1800,5,2,-2.71,-64.34,1,4,-31.23,-18.43,13,6,134.65,3.55,1,12,-19.44,-2.2,-64.34,131.94,0.4444444444444444
flow,300,0.2,2.0,3,0.4,0,0.5,900,5,2,-28.43,-64.42,1,4,-31.23,-18.43,13,8,315.77,61.61,1,12,-13.68,4.36,-64.42,287.34,0.5555555555555556
flow,300,0.2,2.0,3,0.4,0,0.5,1800,5,2,-2.79,-64.42,1,4,-31.23,-18.43,13,6,137.72,6.62,1,12,-20.71,-2.2,-64.42,134.93,0.4444444444444444
flow,300,0.2,2.0,3,0.4,5,0.3,900,5,2,-28.35,-64.34,1,4,-31.23,-18.43,13,7,207.71,14.06,1,12,-19.44,2.14,-64.34,179.36,0.5
flow,300,0.2,2.0,3,0.4,5,0.3,1800,5,2,-2.71,-64.34,1,4,-31.23,-18.43,13,6,197.2,3.55,1,12,-19.44,-2.2,-64.34,194.48999999999998,0.4444444444444444
flow,300,0.2,2.0,3,0.4,5,0.5,900,5,2,-28.43,-64.42,1,4,-31.23,-18.43,13,8,255.26,61.61,1,12,-13.68,4.36,-64.42,226.82999999999998,0.5555555555555556
flow,300,0.2,2.0,3,0.4,5,0.5,1800,5,2,-2.79,-64.42,1,4,-31.23,-18.43,13,6,200.27,6.62,1,12,-20.71,-2.2,-64.42,197.48000000000002,0.4444444444444444
flow,300,0.2,2.0,3,0.5,0,0.3,900,5,2,-28.35,-64.34,1,4,-31.23,-18.43,13,6,294.56,40.4,1,12,-19.44,-2.72,-64.34,266.21,0.4444444444444444
flow,300,0.2,2.0,3,0.5,0,0.3,1800,5,2,-2.71,-64.34,1,4,-31.23,-18.43,13,5,190.48,25.21,1,12,-19.44,-6.31,-64.34,187.76999999999998,0.3888888888888889
flow,300,0.2,2.0,3,0.5,0,0.5,900,5,2,-28.43,-64.42,1,4,-31.23,-18.43,13,7,342.11,87.95,1,12,-13.68,4.36,-64.42,313.68,0.5
flow,300,0.2,2.0,3,0.5,0,0.5,1800,5,2,-2.79,-64.42,1,4,-31.23,-18.43,13,6,207.19,41.92,1,12,-20.71,-2.72,-64.42,204.4,0.4444444444444444
flow,300,0.2,2.0,3,0.5,5,0.3,900,5,2,-28.35,-64.34,1,4,-31.23,-18.43,13,6,234.05,40.4,1,12,-19.44,-2.72,-64.34,205.70000000000002,0.4444444444444444
flow,300,0.2,2.0,3,0.5,5,0.3,1800,5,2,-2.71,-64.34,1,4,-31.23,-18.43,13,5,218.86,25.21,1,12,-19.44,-6.31,-64.34,216.15,0.3888888888888889
flow,300,0.2,2.0,3,0.5,5,0.5,900,5,2,-28.43,-64.42,1,4,-31.23,-18.43,13,7,281.6,87.95,1,12,-13.68,4.36,-64.42,253.17000000000002,0.5
flow,300,0.2,2.0,3,0.5,5,0.5,1800,5,2,-2.79,-64.42,1,4,-31.23,-18.43,13,6,235.57,41.92,1,12,-20.71,-2.72,-64.42,232.78,0.4444444444444444
flow,300,0.2,2.0,5,0.4,0,0.3,900,7,3,65.2,-46.02,2,5,-31.23,-17.67,27,13,327.21,73.05,5,22,-26.16,-1.71,-46.02,392.40999999999997,0.47058823529411764
flow,300,0.2,2.0,5,0.4,0,0.3,1800,7,3,90.84,-20.38,2,5,-31.23,-17.67,27,12,254.9,123.8,5,22,-26.16,-2.2,-20.38,345.74,0.4411764705882353
flow,300,0.2,2.0,5,0.4,0,0.5,900,7,3,67.39,-43.83,2,5,-31.23,-15.4,27,15,402.06,147.9,5,22,-31.04,3.63,-43.83,469.45,0.5294117647058824
flow,300,0.2,2.0,5,0.4,0,0.5,1800,7,3,90.19,-21.03,2,5,-31.23,-18.24,27,12,257.0,125.9,5,22,-31.04,-2.2,-21.03,347.19,0.4411764705882353
flow,300,0.2,2.0,5,0.4,5,0.3,900,7,3,151.97,-46.02,2,5,-31.23,-17.67,27,13,266.7,73.05,5,22,-26.16,-1.71,-46.02,418.66999999999996,0.47058823529411764
flow,300,0.2,2.0,5,0.4,5,0.3,1800,7,3,177.61,-20.38,2,5,-31.23,-17.67,27,12,317.45,123.8,5,22,-26.16,-2.2,-20.38,495.06,0.4411764705882353
flow,300,0.2,2.0,5,0.4,5,0.5,900,7,3,154.16,-43.83,2,5,-31.23,-15.4,27,15,341.55,147.9,5,22,-31.04,3.63,-43.83,495.71000000000004,0.5294117647058824
flow,300,0.2,2.0,5,0.4,5,0.5,1800,7,3,176.96,-21.03,2,5,-31.23,-18.24,27,12,319.55,125.9,5,22,-31.04,-2.2,-21.03,496.51,0.4411764705882353
flow,300,0.2,2.0,5,0.5,0,0.3,900,7,3,42.72,-46.02,2,5,-31.23,-17.67,27,14,388.69,134.53,5,22,-26.16,4.36,-46.02,431.40999999999997,0.5
flow,300,0.2,2.0,5,0.5,0,0.3,1800,7,3,68.36,-20.38,2,5,-31.23,-17.67,27,10,219.99,54.72,5,22,-26.16,-6.31,-20.38,288.35,0.38235294117647056
flow,300,0.2,2.0,5,0.5,0,0.5,900,7,3,44.91,-43.83,2,5,-31.23,-15.4,27,16,463.54,209.38,5,22,-31.04,7.13,-43.83,508.45000000000005,0.5588235294117647
flow,300,0.2,2.0,5,0.5,0,0.5,1800,7,3,67.71,-21.03,2,5,-31.23,-18.24,27,11,235.73,70.46,5,22,-31.04,-5.84,-21.03,303.44,0.4117647058823529
flow,300,0.2,2.0,5,0.5,5,0.3,900,7,3,151.97,-46.02,2,5,-31.23,-17.67,27,14,328.18,134.53,5,22,-26.16,4.36,-46.02,480.15,0.5
flow,300,0.2,2.0,5,0.5,5,0.3,1800,7,3,177.61,-20.38,2,5,-31.23,-17.67,27,10,248.37,54.72,5,22,-26.16,-6.31,-20.38,425.98,0.38235294117647056
flow,300,0.2,2.0,5,0.5,5,0.5,900,7,3,154.16,-43.83,2,5,-31.23,-15.4,27,16,403.03,209.38,5,22,-31.04,7.13,-43.83,557.1899999999999,0.5588235294117647
flow,300,0.2,2.0,5,0.5,5,0.5,1800,7,3,176.96,-21.03,2,5,-31.23,-18.24,27,11,264.11,70.46,5,22,-31.04,-5.84,-21.03,441.07000000000005,0.4117647058823529
