mark,self_buy_floor,trail_pct,tp_mult,hard_stop_pct,time_stop_s,triggers,wins,pnl_usd,avg_usd,median_usd,worst_usd,hits_caught,hits_total,misses_entered,pnl_ex_best_usd
dev,0.2,0.3,0,0.4,900,16,10,417.74,26.11,5.28,-32.4,12,18,4,292.74
dev,0.2,0.3,0,0.4,1800,16,10,371.99,23.25,11.96,-32.4,12,18,4,246.99
dev,0.2,0.3,0,0.5,900,16,10,413.45,25.84,5.28,-32.4,12,18,4,288.45
dev,0.2,0.3,0,0.5,1800,16,10,367.7,22.98,11.96,-32.4,12,18,4,242.7
dev,0.2,0.3,3,0.4,900,16,10,381.86,23.87,5.28,-32.4,12,18,4,270.26
dev,0.2,0.3,3,0.4,1800,16,10,396.65,24.79,11.96,-32.4,12,18,4,285.05
dev,0.2,0.3,3,0.5,900,16,10,377.57,23.6,5.28,-32.4,12,18,4,265.97
dev,0.2,0.3,3,0.5,1800,16,10,392.36,24.52,11.96,-32.4,12,18,4,280.76
dev,0.2,0.3,5,0.4,900,16,10,565.07,35.32,5.28,-32.4,12,18,4,363.2
dev,0.2,0.3,5,0.4,1800,16,10,519.32,32.46,11.96,-32.4,12,18,4,317.45
dev,0.2,0.3,5,0.5,900,16,10,560.78,35.05,5.28,-32.4,12,18,4,358.91
dev,0.2,0.3,5,0.5,1800,16,10,515.03,32.19,11.96,-32.4,12,18,4,313.16
dev,0.2,0.4,0,0.4,900,16,10,708.53,44.28,6.42,-32.4,12,18,4,522.65
dev,0.2,0.4,0,0.4,1800,16,10,1563.88,97.74,21.47,-32.4,12,18,4,688.56
dev,0.2,0.4,0,0.5,900,16,10,704.24,44.02,6.42,-32.4,12,18,4,518.36
dev,0.2,0.4,0,0.5,1800,16,10,1559.59,97.47,21.47,-32.4,12,18,4,684.27
dev,0.2,0.4,3,0.4,900,16,10,537.6,33.6,6.42,-32.4,12,18,4,426.0
dev,0.2,0.4,3,0.4,1800,16,10,640.39,40.02,21.47,-32.4,12,18,4,528.79
dev,0.2,0.4,3,0.5,900,16,10,533.31,33.33,6.42,-32.4,12,18,4,421.71
dev,0.2,0.4,3,0.5,1800,16,10,636.1,39.76,21.47,-32.4,12,18,4,524.5
dev,0.2,0.4,5,0.4,900,16,10,807.08,50.44,6.42,-32.4,12,18,4,605.21
dev,0.2,0.4,5,0.4,1800,16,10,842.31,52.64,21.47,-32.4,12,18,4,640.44
dev,0.2,0.4,5,0.5,900,16,10,802.79,50.17,6.42,-32.4,12,18,4,600.92
dev,0.2,0.4,5,0.5,1800,16,10,838.02,52.38,21.47,-32.4,12,18,4,636.15
dev,0.2,0.5,0,0.4,900,16,10,703.49,43.97,9.32,-32.4,12,18,4,517.61
dev,0.2,0.5,0,0.4,1800,16,10,1550.02,96.88,23.1,-32.4,12,18,4,674.7
dev,0.2,0.5,0,0.5,900,16,10,699.2,43.7,9.32,-32.4,12,18,4,513.32
dev,0.2,0.5,0,0.5,1800,16,10,1545.73,96.61,23.1,-32.4,12,18,4,670.41
dev,0.2,0.5,3,0.4,900,16,10,559.61,34.98,9.32,-32.4,12,18,4,448.01
dev,0.2,0.5,3,0.4,1800,16,10,662.4,41.4,34.34,-32.4,12,18,4,550.8
dev,0.2,0.5,3,0.5,900,16,10,555.32,34.71,9.32,-32.4,12,18,4,443.72
dev,0.2,0.5,3,0.5,1800,16,10,658.11,41.13,34.34,-32.4,12,18,4,546.51
dev,0.2,0.5,5,0.4,900,16,10,829.09,51.82,9.32,-32.4,12,18,4,627.22
dev,0.2,0.5,5,0.4,1800,16,10,855.5,53.47,23.1,-32.4,12,18,4,653.63
dev,0.2,0.5,5,0.5,900,16,10,824.8,51.55,9.32,-32.4,12,18,4,622.93
dev,0.2,0.5,5,0.5,1800,16,10,851.21,53.2,23.1,-32.4,12,18,4,649.34
dev,0.35,0.3,0,0.4,900,10,7,256.36,25.64,12.12,-28.07,9,18,1,131.36
dev,0.35,0.3,0,0.4,1800,10,7,253.6,25.36,19.52,-28.07,9,18,1,128.6
dev,0.35,0.3,0,0.5,900,10,7,252.07,25.21,12.12,-28.07,9,18,1,127.07
dev,0.35,0.3,0,0.5,1800,10,7,249.31,24.93,19.52,-28.07,9,18,1,124.31
dev,0.35,0.3,3,0.4,900,10,7,240.1,24.01,12.12,-28.07,9,18,1,128.5
dev,0.35,0.3,3,0.4,1800,10,7,254.89,25.49,19.52,-28.07,9,18,1,143.29
dev,0.35,0.3,3,0.5,900,10,7,235.81,23.58,12.12,-28.07,9,18,1,124.21
dev,0.35,0.3,3,0.5,1800,10,7,250.6,25.06,19.52,-28.07,9,18,1,139.0
dev,0.35,0.3,5,0.4,900,10,7,325.55,32.56,12.12,-28.07,9,18,1,131.36
dev,0.35,0.3,5,0.4,1800,10,7,322.79,32.28,19.52,-28.07,9,18,1,128.6
dev,0.35,0.3,5,0.5,900,10,7,321.26,32.13,12.12,-28.07,9,18,1,127.07
dev,0.35,0.3,5,0.5,1800,10,7,318.5,31.85,19.52,-28.07,9,18,1,124.31
dev,0.35,0.4,0,0.4,900,10,7,515.58,51.56,14.44,-28.07,9,18,1,329.7
dev,0.35,0.4,0,0.4,1800,10,7,1124.67,112.47,21.47,-28.07,9,18,1,249.35
dev,0.35,0.4,0,0.5,900,10,7,511.29,51.13,14.44,-28.07,9,18,1,325.41
dev,0.35,0.4,0,0.5,1800,10,7,1120.38,112.04,21.47,-28.07,9,18,1,245.06
dev,0.35,0.4,3,0.4,900,10,7,396.22,39.62,14.44,-28.07,9,18,1,284.62
dev,0.35,0.4,3,0.4,1800,10,7,411.01,41.1,21.47,-28.07,9,18,1,299.41
dev,0.35,0.4,3,0.5,900,10,7,391.93,39.19,14.44,-28.07,9,18,1,280.33
dev,0.35,0.4,3,0.5,1800,10,7,406.72,40.67,21.47,-28.07,9,18,1,295.12
dev,0.35,0.4,5,0.4,900,10,7,567.94,56.79,14.44,-28.07,9,18,1,373.75
dev,0.35,0.4,5,0.4,1800,10,7,487.59,48.76,21.47,-28.07,9,18,1,293.4
dev,0.35,0.4,5,0.5,900,10,7,563.65,56.37,14.44,-28.07,9,18,1,369.46
dev,0.35,0.4,5,0.5,1800,10,7,483.3,48.33,21.47,-28.07,9,18,1,289.11
dev,0.35,0.5,0,0.4,900,10,7,520.08,52.01,30.21,-28.07,9,18,1,334.2
dev,0.35,0.5,0,0.4,1800,10,7,1120.35,112.04,23.1,-28.07,9,18,1,245.03
dev,0.35,0.5,0,0.5,900,10,7,515.79,51.58,30.21,-28.07,9,18,1,329.91
dev,0.35,0.5,0,0.5,1800,10,7,1116.06,111.61,23.1,-28.07,9,18,1,240.74
dev,0.35,0.5,3,0.4,900,10,7,427.77,42.78,30.21,-28.07,9,18,1,316.17
dev,0.35,0.5,3,0.4,1800,10,7,442.56,44.26,34.34,-28.07,9,18,1,330.96
dev,0.35,0.5,3,0.5,900,10,7,423.48,42.35,30.21,-28.07,9,18,1,311.88
dev,0.35,0.5,3,0.5,1800,10,7,438.27,43.83,34.34,-28.07,9,18,1,326.67
dev,0.35,0.5,5,0.4,900,10,7,599.49,59.95,30.21,-28.07,9,18,1,405.3
dev,0.35,0.5,5,0.4,1800,10,7,510.32,51.03,23.1,-28.07,9,18,1,316.13
dev,0.35,0.5,5,0.5,900,10,7,595.2,59.52,30.21,-28.07,9,18,1,401.01
dev,0.35,0.5,5,0.5,1800,10,7,506.03,50.6,23.1,-28.07,9,18,1,311.84
dev,0.5,0.3,0,0.4,900,8,5,209.47,26.18,11.96,-28.07,7,18,1,84.47
dev,0.5,0.3,0,0.4,1800,8,5,191.92,23.99,11.96,-28.07,7,18,1,66.92
dev,0.5,0.3,0,0.5,900,8,5,205.18,25.65,11.96,-28.07,7,18,1,80.18
dev,0.5,0.3,0,0.5,1800,8,5,187.63,23.45,11.96,-28.07,7,18,1,62.63
dev,0.5,0.3,3,0.4,900,8,5,193.21,24.15,11.96,-28.07,7,18,1,81.61
dev,0.5,0.3,3,0.4,1800,8,5,193.21,24.15,11.96,-28.07,7,18,1,81.61
dev,0.5,0.3,3,0.5,900,8,5,188.92,23.62,11.96,-28.07,7,18,1,77.32
dev,0.5,0.3,3,0.5,1800,8,5,188.92,23.62,11.96,-28.07,7,18,1,77.32
dev,0.5,0.3,5,0.4,900,8,5,278.66,34.83,11.96,-28.07,7,18,1,84.47
dev,0.5,0.3,5,0.4,1800,8,5,261.11,32.64,11.96,-28.07,7,18,1,66.92
dev,0.5,0.3,5,0.5,900,8,5,274.37,34.3,11.96,-28.07,7,18,1,80.18
dev,0.5,0.3,5,0.5,1800,8,5,256.82,32.1,11.96,-28.07,7,18,1,62.63
dev,0.5,0.4,0,0.4,900,8,5,365.89,45.74,14.44,-28.07,7,18,1,180.01
dev,0.5,0.4,0,0.4,1800,8,5,960.19,120.02,14.44,-28.07,7,18,1,84.87
dev,0.5,0.4,0,0.5,900,8,5,361.6,45.2,14.44,-28.07,7,18,1,175.72
dev,0.5,0.4,0,0.5,1800,8,5,955.9,119.49,14.44,-28.07,7,18,1,80.58
dev,0.5,0.4,3,0.4,900,8,5,286.97,35.87,14.44,-28.07,7,18,1,175.37
dev,0.5,0.4,3,0.4,1800,8,5,286.97,35.87,14.44,-28.07,7,18,1,175.37
dev,0.5,0.4,3,0.5,900,8,5,282.68,35.34,14.44,-28.07,7,18,1,171.08
dev,0.5,0.4,3,0.5,1800,8,5,282.68,35.34,14.44,-28.07,7,18,1,171.08
dev,0.5,0.4,5,0.4,900,8,5,374.2,46.78,14.44,-28.07,7,18,1,180.01
dev,0.5,0.4,5,0.4,1800,8,5,279.06,34.88,14.44,-28.07,7,18,1,84.87
dev,0.5,0.4,5,0.5,900,8,5,369.91,46.24,14.44,-28.07,7,18,1,175.72
dev,0.5,0.4,5,0.5,1800,8,5,274.77,34.35,14.44,-28.07,7,18,1,80.58
dev,0.5,0.5,0,0.4,900,8,5,397.44,49.68,30.21,-28.07,7,18,1,211.56
dev,0.5,0.5,0,0.4,1800,8,5,982.92,122.86,18.98,-28.07,7,18,1,107.6
dev,0.5,0.5,0,0.5,900,8,5,393.15,49.14,30.21,-28.07,7,18,1,207.27
dev,0.5,0.5,0,0.5,1800,8,5,978.63,122.33,18.98,-28.07,7,18,1,103.31
dev,0.5,0.5,3,0.4,900,8,5,318.52,39.82,30.21,-28.07,7,18,1,206.92
dev,0.5,0.5,3,0.4,1800,8,5,318.52,39.82,30.21,-28.07,7,18,1,206.92
dev,0.5,0.5,3,0.5,900,8,5,314.23,39.28,30.21,-28.07,7,18,1,202.63
dev,0.5,0.5,3,0.5,1800,8,5,314.23,39.28,30.21,-28.07,7,18,1,202.63
dev,0.5,0.5,5,0.4,900,8,5,405.75,50.72,30.21,-28.07,7,18,1,211.56
dev,0.5,0.5,5,0.4,1800,8,5,301.79,37.72,18.98,-28.07,7,18,1,107.6
dev,0.5,0.5,5,0.5,900,8,5,401.46,50.18,30.21,-28.07,7,18,1,207.27
dev,0.5,0.5,5,0.5,1800,8,5,297.5,37.19,18.98,-28.07,7,18,1,103.31
90,0.2,0.3,0,0.4,900,16,9,332.9,20.81,6.8,-34.03,12,18,4,158.78
90,0.2,0.3,0,0.4,1800,16,9,306.57,19.16,6.8,-34.03,12,18,4,132.45
90,0.2,0.3,0,0.5,900,16,9,321.39,20.09,6.8,-34.03,12,18,4,147.27
90,0.2,0.3,0,0.5,1800,16,9,295.06,18.44,6.8,-34.03,12,18,4,120.94
90,0.2,0.3,3,0.4,900,16,9,275.52,17.22,6.8,-34.03,12,18,4,165.16
90,0.2,0.3,3,0.4,1800,16,9,249.19,15.57,6.8,-34.03,12,18,4,138.83
90,0.2,0.3,3,0.5,900,16,9,264.01,16.5,6.8,-34.03,12,18,4,153.65
90,0.2,0.3,3,0.5,1800,16,9,237.68,14.86,6.8,-34.03,12,18,4,127.32
90,0.2,0.3,5,0.4,900,16,9,373.35,23.33,6.8,-34.03,12,18,4,158.78
90,0.2,0.3,5,0.4,1800,16,9,347.02,21.69,6.8,-34.03,12,18,4,132.45
90,0.2,0.3,5,0.5,900,16,9,361.84,22.62,6.8,-34.03,12,18,4,147.27
90,0.2,0.3,5,0.5,1800,16,9,335.51,20.97,6.8,-34.03,12,18,4,120.94
90,0.2,0.4,0,0.4,900,16,9,642.14,40.13,18.55,-34.03,12,18,4,363.24
90,0.2,0.4,0,0.4,1800,16,9,1705.76,106.61,22.32,-34.03,12,18,4,573.64
90,0.2,0.4,0,0.5,900,16,9,630.63,39.41,18.55,-34.03,12,18,4,351.73
90,0.2,0.4,0,0.5,1800,16,9,1694.25,105.89,22.32,-34.03,12,18,4,562.13
90,0.2,0.4,3,0.4,900,16,9,443.62,27.73,18.55,-34.03,12,18,4,333.26
90,0.2,0.4,3,0.4,1800,16,9,488.69,30.54,22.32,-34.03,12,18,4,378.33
90,0.2,0.4,3,0.5,900,16,9,432.11,27.01,18.55,-34.03,12,18,4,321.75
90,0.2,0.4,3,0.5,1800,16,9,477.18,29.82,22.32,-34.03,12,18,4,366.82
90,0.2,0.4,5,0.4,900,16,9,652.73,40.8,18.55,-34.03,12,18,4,436.68
90,0.2,0.4,5,0.4,1800,16,9,862.13,53.88,22.32,-34.03,12,18,4,646.08
90,0.2,0.4,5,0.5,900,16,9,641.22,40.08,18.55,-34.03,12,18,4,425.17
90,0.2,0.4,5,0.5,1800,16,9,850.62,53.16,22.32,-34.03,12,18,4,634.57
90,0.2,0.5,0,0.4,900,16,10,636.77,39.8,18.55,-34.03,12,18,4,357.87
90,0.2,0.5,0,0.4,1800,16,9,1699.68,106.23,17.84,-34.03,12,18,4,567.56
90,0.2,0.5,0,0.5,900,16,10,625.26,39.08,18.55,-34.03,12,18,4,346.36
90,0.2,0.5,0,0.5,1800,16,9,1688.17,105.51,17.84,-34.03,12,18,4,556.05
90,0.2,0.5,3,0.4,900,16,10,464.88,29.06,18.55,-34.03,12,18,4,354.52
90,0.2,0.5,3,0.4,1800,16,9,486.14,30.38,17.84,-34.03,12,18,4,375.78
90,0.2,0.5,3,0.5,900,16,10,453.37,28.34,18.55,-34.03,12,18,4,343.01
90,0.2,0.5,3,0.5,1800,16,9,474.63,29.66,17.84,-34.03,12,18,4,364.27
90,0.2,0.5,5,0.4,900,16,10,673.99,42.12,18.55,-34.03,12,18,4,457.94
90,0.2,0.5,5,0.4,1800,16,9,882.68,55.17,17.84,-34.03,12,18,4,666.63
90,0.2,0.5,5,0.5,900,16,10,662.48,41.4,18.55,-34.03,12,18,4,446.43
90,0.2,0.5,5,0.5,1800,16,9,871.17,54.45,17.84,-34.03,12,18,4,655.12
90,0.35,0.3,0,0.4,900,10,6,241.03,24.1,8.74,-29.07,9,18,1,66.91
90,0.35,0.3,0,0.4,1800,10,6,247.91,24.79,11.98,-29.07,9,18,1,73.79
90,0.35,0.3,0,0.5,900,10,6,236.96,23.7,8.74,-29.07,9,18,1,62.84
90,0.35,0.3,0,0.5,1800,10,6,243.84,24.38,11.98,-29.07,9,18,1,69.72
90,0.35,0.3,3,0.4,900,10,6,163.71,16.37,8.74,-29.07,9,18,1,66.91
90,0.35,0.3,3,0.4,1800,10,6,170.59,17.06,11.98,-29.07,9,18,1,73.79
90,0.35,0.3,3,0.5,900,10,6,159.64,15.96,8.74,-29.07,9,18,1,62.84
90,0.35,0.3,3,0.5,1800,10,6,166.52,16.65,11.98,-29.07,9,18,1,69.72
90,0.35,0.3,5,0.4,900,10,6,281.48,28.15,8.74,-29.07,9,18,1,66.91
90,0.35,0.3,5,0.4,1800,10,6,288.36,28.84,11.98,-29.07,9,18,1,73.79
90,0.35,0.3,5,0.5,900,10,6,277.41,27.74,8.74,-29.07,9,18,1,62.84
90,0.35,0.3,5,0.5,1800,10,6,284.29,28.43,11.98,-29.07,9,18,1,69.72
90,0.35,0.4,0,0.4,900,10,6,513.23,51.32,18.87,-29.07,9,18,1,234.33
90,0.35,0.4,0,0.4,1800,10,6,1326.18,132.62,22.32,-29.07,9,18,1,194.06
90,0.35,0.4,0,0.5,900,10,6,509.16,50.92,18.87,-29.07,9,18,1,230.26
90,0.35,0.4,0,0.5,1800,10,6,1322.11,132.21,22.32,-29.07,9,18,1,189.99
90,0.35,0.4,3,0.4,900,10,6,322.09,32.21,18.87,-29.07,9,18,1,220.76
90,0.35,0.4,3,0.4,1800,10,6,317.0,31.7,22.32,-29.07,9,18,1,215.67
90,0.35,0.4,3,0.5,900,10,6,318.02,31.8,18.87,-29.07,9,18,1,216.69
90,0.35,0.4,3,0.5,1800,10,6,312.93,31.29,22.32,-29.07,9,18,1,211.6
90,0.35,0.4,5,0.4,900,10,6,523.82,52.38,18.87,-29.07,9,18,1,307.77
90,0.35,0.4,5,0.4,1800,10,6,483.55,48.36,22.32,-29.07,9,18,1,267.5
90,0.35,0.4,5,0.5,900,10,6,519.75,51.98,18.87,-29.07,9,18,1,303.7
90,0.35,0.4,5,0.5,1800,10,6,479.48,47.95,22.32,-29.07,9,18,1,263.43
90,0.35,0.5,0,0.4,900,10,7,507.86,50.79,19.92,-29.07,9,18,1,228.96
90,0.35,0.5,0,0.4,1800,10,6,1320.1,132.01,17.84,-29.07,9,18,1,187.98
90,0.35,0.5,0,0.5,900,10,7,503.79,50.38,19.92,-29.07,9,18,1,224.89
90,0.35,0.5,0,0.5,1800,10,6,1316.03,131.6,17.84,-29.07,9,18,1,183.91
90,0.35,0.5,3,0.4,900,10,7,343.35,34.33,19.92,-29.07,9,18,1,242.02
90,0.35,0.5,3,0.4,1800,10,6,314.45,31.44,17.84,-29.07,9,18,1,213.12
90,0.35,0.5,3,0.5,900,10,7,339.28,33.93,19.92,-29.07,9,18,1,237.95
90,0.35,0.5,3,0.5,1800,10,6,310.38,31.04,17.84,-29.07,9,18,1,209.05
90,0.35,0.5,5,0.4,900,10,7,545.08,54.51,19.92,-29.07,9,18,1,329.03
90,0.35,0.5,5,0.4,1800,10,6,504.1,50.41,17.84,-29.07,9,18,1,288.05
90,0.35,0.5,5,0.5,900,10,7,541.01,54.1,19.92,-29.07,9,18,1,324.96
90,0.35,0.5,5,0.5,1800,10,6,500.03,50.0,17.84,-29.07,9,18,1,283.98
90,0.5,0.3,0,0.4,900,8,4,185.43,23.18,-0.02,-29.07,7,18,1,11.31
90,0.5,0.3,0,0.4,1800,8,4,174.46,21.81,-0.02,-29.07,7,18,1,0.34
90,0.5,0.3,0,0.5,900,8,4,181.36,22.67,-0.02,-29.07,7,18,1,7.24
90,0.5,0.3,0,0.5,1800,8,4,170.39,21.3,-0.02,-29.07,7,18,1,-3.73
90,0.5,0.3,3,0.4,900,8,4,108.11,13.51,-0.02,-29.07,7,18,1,11.31
90,0.5,0.3,3,0.4,1800,8,4,97.14,12.14,-0.02,-29.07,7,18,1,0.34
90,0.5,0.3,3,0.5,900,8,4,104.04,13.0,-0.02,-29.07,7,18,1,7.24
90,0.5,0.3,3,0.5,1800,8,4,93.07,11.63,-0.02,-29.07,7,18,1,-3.73
90,0.5,0.3,5,0.4,900,8,4,225.88,28.24,-0.02,-29.07,7,18,1,11.31
90,0.5,0.3,5,0.4,1800,8,4,214.91,26.86,-0.02,-29.07,7,18,1,0.34
90,0.5,0.3,5,0.5,900,8,4,221.81,27.73,-0.02,-29.07,7,18,1,7.24
90,0.5,0.3,5,0.5,1800,8,4,210.84,26.36,-0.02,-29.07,7,18,1,-3.73
90,0.5,0.4,0,0.4,900,8,4,356.47,44.56,10.3,-29.07,7,18,1,77.57
90,0.5,0.4,0,0.4,1800,8,4,1151.57,143.95,10.3,-29.07,7,18,1,19.45
90,0.5,0.4,0,0.5,900,8,4,352.4,44.05,10.3,-29.07,7,18,1,73.5
90,0.5,0.4,0,0.5,1800,8,4,1147.5,143.44,10.3,-29.07,7,18,1,15.38
90,0.5,0.4,3,0.4,900,8,4,205.13,25.64,10.3,-29.07,7,18,1,103.87
90,0.5,0.4,3,0.4,1800,8,4,182.19,22.77,10.3,-29.07,7,18,1,80.93
90,0.5,0.4,3,0.5,900,8,4,201.06,25.13,10.3,-29.07,7,18,1,99.8
90,0.5,0.4,3,0.5,1800,8,4,178.12,22.26,10.3,-29.07,7,18,1,76.86
90,0.5,0.4,5,0.4,900,8,4,292.14,36.52,10.3,-29.07,7,18,1,77.57
90,0.5,0.4,5,0.4,1800,8,4,234.02,29.25,10.3,-29.07,7,18,1,19.45
90,0.5,0.4,5,0.5,900,8,4,288.07,36.01,10.3,-29.07,7,18,1,73.5
90,0.5,0.4,5,0.5,1800,8,4,229.95,28.74,10.3,-29.07,7,18,1,15.38
90,0.5,0.5,0,0.4,900,8,5,377.73,47.22,17.84,-29.07,7,18,1,98.83
90,0.5,0.5,0,0.4,1800,8,4,1172.12,146.51,5.1,-29.07,7,18,1,40.0
90,0.5,0.5,0,0.5,900,8,5,373.66,46.71,17.84,-29.07,7,18,1,94.76
90,0.5,0.5,0,0.5,1800,8,4,1168.05,146.01,5.1,-29.07,7,18,1,35.93
90,0.5,0.5,3,0.4,900,8,5,226.39,28.3,17.84,-29.07,7,18,1,125.13
90,0.5,0.5,3,0.4,1800,8,4,179.64,22.46,5.1,-29.07,7,18,1,78.38
90,0.5,0.5,3,0.5,900,8,5,222.32,27.79,17.84,-29.07,7,18,1,121.06
90,0.5,0.5,3,0.5,1800,8,4,175.57,21.95,5.1,-29.07,7,18,1,74.31
90,0.5,0.5,5,0.4,900,8,5,313.4,39.18,17.84,-29.07,7,18,1,98.83
90,0.5,0.5,5,0.4,1800,8,4,254.57,31.82,5.1,-29.07,7,18,1,40.0
90,0.5,0.5,5,0.5,900,8,5,309.33,38.67,17.84,-29.07,7,18,1,94.76
90,0.5,0.5,5,0.5,1800,8,4,250.5,31.31,5.1,-29.07,7,18,1,35.93
180,0.2,0.3,0,0.4,900,14,8,198.69,14.19,8.13,-25.99,12,18,2,115.35
180,0.2,0.3,0,0.4,1800,14,7,160.0,11.43,0.6,-25.99,12,18,2,76.66
180,0.2,0.3,0,0.5,900,14,8,198.3,14.16,8.13,-26.38,12,18,2,114.96
180,0.2,0.3,0,0.5,1800,14,7,159.61,11.4,0.6,-26.38,12,18,2,76.27
180,0.2,0.3,3,0.4,900,14,8,256.38,18.31,8.13,-25.99,12,18,2,148.93
180,0.2,0.3,3,0.4,1800,14,8,3530.95,252.21,10.15,-25.99,12,18,2,242.68
180,0.2,0.3,3,0.5,900,14,8,255.99,18.28,8.13,-26.38,12,18,2,148.54
180,0.2,0.3,3,0.5,1800,14,8,3530.56,252.18,10.15,-26.38,12,18,2,242.29
180,0.2,0.3,5,0.4,900,14,8,198.69,14.19,8.13,-25.99,12,18,2,115.35
180,0.2,0.3,5,0.4,1800,14,8,3464.61,247.47,10.15,-25.99,12,18,2,176.34
180,0.2,0.3,5,0.5,900,14,8,198.3,14.16,8.13,-26.38,12,18,2,114.96
180,0.2,0.3,5,0.5,1800,14,8,3464.22,247.44,10.15,-26.38,12,18,2,175.95
180,0.2,0.4,0,0.4,900,14,10,560.11,40.01,20.8,-25.99,12,18,2,418.06
180,0.2,0.4,0,0.4,1800,14,9,1154.45,82.46,20.34,-25.99,12,18,2,497.85
180,0.2,0.4,0,0.5,900,14,10,559.72,39.98,20.8,-26.38,12,18,2,417.67
180,0.2,0.4,0,0.5,1800,14,9,1154.06,82.43,20.34,-26.38,12,18,2,497.46
180,0.2,0.4,3,0.4,900,14,10,599.9,42.85,20.8,-25.99,12,18,2,429.49
180,0.2,0.4,3,0.4,1800,14,10,3905.2,278.94,35.58,-25.99,12,18,2,616.93
180,0.2,0.4,3,0.5,900,14,10,599.51,42.82,20.8,-26.38,12,18,2,429.1
180,0.2,0.4,3,0.5,1800,14,10,3904.81,278.91,35.58,-26.38,12,18,2,616.54
180,0.2,0.4,5,0.4,900,14,10,630.56,45.04,20.8,-25.99,12,18,2,430.51
180,0.2,0.4,5,0.4,1800,14,10,4041.17,288.66,29.82,-25.99,12,18,2,752.9
180,0.2,0.4,5,0.5,900,14,10,630.17,45.01,20.8,-26.38,12,18,2,430.12
180,0.2,0.4,5,0.5,1800,14,10,4040.78,288.63,29.82,-26.38,12,18,2,752.51
180,0.2,0.5,0,0.4,900,14,11,554.65,39.62,20.8,-25.99,12,18,2,412.6
180,0.2,0.5,0,0.4,1800,14,9,1137.2,81.23,23.33,-25.99,12,18,2,480.6
180,0.2,0.5,0,0.5,900,14,11,554.26,39.59,20.8,-26.38,12,18,2,412.21
180,0.2,0.5,0,0.5,1800,14,9,1136.81,81.2,23.33,-26.38,12,18,2,480.21
180,0.2,0.5,3,0.4,900,14,11,619.46,44.25,20.8,-25.99,12,18,2,449.05
180,0.2,0.5,3,0.4,1800,14,10,3923.36,280.24,45.28,-25.99,12,18,2,635.09
180,0.2,0.5,3,0.5,900,14,11,619.07,44.22,20.8,-26.38,12,18,2,448.66
180,0.2,0.5,3,0.5,1800,14,10,3922.97,280.21,45.28,-26.38,12,18,2,634.7
180,0.2,0.5,5,0.4,900,14,11,650.12,46.44,20.8,-25.99,12,18,2,450.07
180,0.2,0.5,5,0.4,1800,14,10,4048.94,289.21,34.34,-25.99,12,18,2,760.67
180,0.2,0.5,5,0.5,900,14,11,649.73,46.41,20.8,-26.38,12,18,2,449.68
180,0.2,0.5,5,0.5,1800,14,10,4048.55,289.18,34.34,-26.38,12,18,2,760.28
180,0.35,0.3,0,0.4,900,10,5,136.1,13.61,7.49,-16.57,9,18,1,52.76
180,0.35,0.3,0,0.4,1800,10,4,106.06,10.61,-1.67,-16.57,9,18,1,22.72
180,0.35,0.3,0,0.5,900,10,5,136.1,13.61,7.49,-16.57,9,18,1,52.76
180,0.35,0.3,0,0.5,1800,10,4,106.06,10.61,-1.67,-16.57,9,18,1,22.72
180,0.35,0.3,3,0.4,900,10,5,160.21,16.02,7.49,-16.57,9,18,1,52.76
180,0.35,0.3,3,0.4,1800,10,5,3434.78,343.48,9.5,-16.57,9,18,1,146.51
180,0.35,0.3,3,0.5,900,10,5,160.21,16.02,7.49,-16.57,9,18,1,52.76
180,0.35,0.3,3,0.5,1800,10,5,3434.78,343.48,9.5,-16.57,9,18,1,146.51
180,0.35,0.3,5,0.4,900,10,5,136.1,13.61,7.49,-16.57,9,18,1,52.76
180,0.35,0.3,5,0.4,1800,10,5,3410.67,341.07,9.5,-16.57,9,18,1,122.4
180,0.35,0.3,5,0.5,900,10,5,136.1,13.61,7.49,-16.57,9,18,1,52.76
180,0.35,0.3,5,0.5,1800,10,5,3410.67,341.07,9.5,-16.57,9,18,1,122.4
180,0.35,0.4,0,0.4,900,10,7,435.69,43.57,20.8,-16.57,9,18,1,293.64
180,0.35,0.4,0,0.4,1800,10,6,831.0,83.1,16.22,-16.57,9,18,1,174.4
180,0.35,0.4,0,0.5,900,10,7,435.69,43.57,20.8,-16.57,9,18,1,293.64
180,0.35,0.4,0,0.5,1800,10,6,831.0,83.1,16.22,-16.57,9,18,1,174.4
180,0.35,0.4,3,0.4,900,10,7,441.9,44.19,20.8,-16.57,9,18,1,271.49
180,0.35,0.4,3,0.4,1800,10,7,3687.11,368.71,20.34,-16.57,9,18,1,398.84
180,0.35,0.4,3,0.5,900,10,7,441.9,44.19,20.8,-16.57,9,18,1,271.49
180,0.35,0.4,3,0.5,1800,10,7,3687.11,368.71,20.34,-16.57,9,18,1,398.84
180,0.35,0.4,5,0.4,900,10,7,506.14,50.61,20.8,-16.57,9,18,1,306.09
180,0.35,0.4,5,0.4,1800,10,7,3760.65,376.06,20.34,-16.57,9,18,1,472.38
180,0.35,0.4,5,0.5,900,10,7,506.14,50.61,20.8,-16.57,9,18,1,306.09
180,0.35,0.4,5,0.5,1800,10,7,3760.65,376.06,20.34,-16.57,9,18,1,472.38
180,0.35,0.5,0,0.4,900,10,8,430.23,43.02,20.8,-16.57,9,18,1,288.18
180,0.35,0.5,0,0.4,1800,10,6,813.75,81.38,15.82,-16.57,9,18,1,157.15
180,0.35,0.5,0,0.5,900,10,8,430.23,43.02,20.8,-16.57,9,18,1,288.18
180,0.35,0.5,0,0.5,1800,10,6,813.75,81.38,15.82,-16.57,9,18,1,157.15
180,0.35,0.5,3,0.4,900,10,8,461.46,46.15,20.8,-16.57,9,18,1,291.05
180,0.35,0.5,3,0.4,1800,10,7,3705.27,370.53,30.06,-16.57,9,18,1,417.0
180,0.35,0.5,3,0.5,900,10,8,461.46,46.15,20.8,-16.57,9,18,1,291.05
180,0.35,0.5,3,0.5,1800,10,7,3705.27,370.53,30.06,-16.57,9,18,1,417.0
180,0.35,0.5,5,0.4,900,10,8,525.7,52.57,20.8,-16.57,9,18,1,325.65
180,0.35,0.5,5,0.4,1800,10,7,3768.42,376.84,23.33,-16.57,9,18,1,480.15
180,0.35,0.5,5,0.5,900,10,8,525.7,52.57,20.8,-16.57,9,18,1,325.65
180,0.35,0.5,5,0.5,1800,10,7,3768.42,376.84,23.33,-16.57,9,18,1,480.15
180,0.5,0.3,0,0.4,900,8,3,83.84,10.48,-1.67,-16.57,7,18,1,0.5
180,0.5,0.3,0,0.4,1800,8,2,52.49,6.56,-4.8,-16.57,7,18,1,-30.85
180,0.5,0.3,0,0.5,900,8,3,83.84,10.48,-1.67,-16.57,7,18,1,0.5
180,0.5,0.3,0,0.5,1800,8,2,52.49,6.56,-4.8,-16.57,7,18,1,-30.85
180,0.5,0.3,3,0.4,900,8,3,107.95,13.49,-1.67,-16.57,7,18,1,0.5
180,0.5,0.3,3,0.4,1800,8,3,3381.21,422.65,-1.67,-16.57,7,18,1,92.94
180,0.5,0.3,3,0.5,900,8,3,107.95,13.49,-1.67,-16.57,7,18,1,0.5
180,0.5,0.3,3,0.5,1800,8,3,3381.21,422.65,-1.67,-16.57,7,18,1,92.94
180,0.5,0.3,5,0.4,900,8,3,83.84,10.48,-1.67,-16.57,7,18,1,0.5
180,0.5,0.3,5,0.4,1800,8,3,3357.1,419.64,-1.67,-16.57,7,18,1,68.83
180,0.5,0.3,5,0.5,900,8,3,83.84,10.48,-1.67,-16.57,7,18,1,0.5
180,0.5,0.3,5,0.5,1800,8,3,3357.1,419.64,-1.67,-16.57,7,18,1,68.83
180,0.5,0.4,0,0.4,900,8,5,288.36,36.04,19.44,-16.57,7,18,1,146.31
180,0.5,0.4,0,0.4,1800,8,4,682.36,85.3,6.68,-16.57,7,18,1,25.76
180,0.5,0.4,0,0.5,900,8,5,288.36,36.04,19.44,-16.57,7,18,1,146.31
180,0.5,0.4,0,0.5,1800,8,4,682.36,85.3,6.68,-16.57,7,18,1,25.76
180,0.5,0.4,3,0.4,900,8,5,253.76,31.72,19.44,-16.57,7,18,1,146.31
180,0.5,0.4,3,0.4,1800,8,5,3497.66,437.21,17.52,-16.57,7,18,1,209.39
180,0.5,0.4,3,0.5,900,8,5,253.76,31.72,19.44,-16.57,7,18,1,146.31
180,0.5,0.4,3,0.5,1800,8,5,3497.66,437.21,17.52,-16.57,7,18,1,209.39
180,0.5,0.4,5,0.4,900,8,5,288.36,36.04,19.44,-16.57,7,18,1,146.31
180,0.5,0.4,5,0.4,1800,8,5,3541.56,442.7,17.52,-16.57,7,18,1,253.29
180,0.5,0.4,5,0.5,900,8,5,288.36,36.04,19.44,-16.57,7,18,1,146.31
180,0.5,0.4,5,0.5,1800,8,5,3541.56,442.7,17.52,-16.57,7,18,1,253.29
180,0.5,0.5,0,0.4,900,8,6,307.92,38.49,19.44,-16.57,7,18,1,165.87
180,0.5,0.5,0,0.4,1800,8,4,690.13,86.27,2.59,-16.57,7,18,1,33.53
180,0.5,0.5,0,0.5,900,8,6,307.92,38.49,19.44,-16.57,7,18,1,165.87
180,0.5,0.5,0,0.5,1800,8,4,690.13,86.27,2.59,-16.57,7,18,1,33.53
180,0.5,0.5,3,0.4,900,8,6,273.32,34.16,19.44,-16.57,7,18,1,165.87
180,0.5,0.5,3,0.4,1800,8,5,3515.82,439.48,26.84,-16.57,7,18,1,227.55
180,0.5,0.5,3,0.5,900,8,6,273.32,34.16,19.44,-16.57,7,18,1,165.87
180,0.5,0.5,3,0.5,1800,8,5,3515.82,439.48,26.84,-16.57,7,18,1,227.55
180,0.5,0.5,5,0.4,900,8,6,307.92,38.49,19.44,-16.57,7,18,1,165.87
180,0.5,0.5,5,0.4,1800,8,5,3549.33,443.67,20.1,-16.57,7,18,1,261.06
180,0.5,0.5,5,0.5,900,8,6,307.92,38.49,19.44,-16.57,7,18,1,165.87
180,0.5,0.5,5,0.5,1800,8,5,3549.33,443.67,20.1,-16.57,7,18,1,261.06
