dev,token,symbol,create_ts,hit,ath_mc,coverage_s,truncated,sol_ok,quote_mint,launchpad_platform,migrate_s,curve_last_s,n_trades,measurable,n_markets,dev_first_buy_s,dev_first_buy_sol,dev_first_buy_quote,dev_first_buy_tokens,dev_supply_share,dev_same_slot_buyers,dev_fee_first_tx,dev_fee_med_60s,dev_sold_by_60s,dev_sold_share_60s,dev_sold_by_120s,dev_sold_share_120s,dev_sold_by_300s,dev_sold_share_300s,dev_fee_lamports_med,dev_first_sell_s,dev_sold_share_30m,dev_sell_sol_30m,member_first_buy_s,outside_first_buy_s,sol_in_1m,sol_out_1m,net_sol_1m,n_buys_1m,n_wallets_1m,member_buy_by_1m,member_buy_sol_1m,member_buyers_1m,outside_buy_sol_1m,top10_share_1m,n_net_long_1m,sol_in_5m,sol_out_5m,net_sol_5m,n_buys_5m,n_wallets_5m,member_buy_by_5m,member_buy_sol_5m,member_buyers_5m,outside_buy_sol_5m,top10_share_5m,n_net_long_5m,n_price_buckets,peak10_mult,peak10_ts_s,end_mult,mult_30s,max_after_30s,max_after_30s_ts,ahead_30s,mult_60s,max_after_60s,max_after_60s_ts,ahead_60s,mult_120s,max_after_120s,max_after_120s_ts,ahead_120s,mult_300s,max_after_300s,max_after_300s_ts,ahead_300s,peak1_ts_s,peak1_mult,grad_s
retardmode,E8C2ANhFwCdQweyQnWtc1QPUHsMKzw2RCcYoqjE3pump,CARDAMOM,1762326998,False,39337.85692132429,1800,False,True,,Pump.fun,,,321,True,1,0.0,0.9885690640000001,0.9885690640000001,34165003.950986,0.034165003950986,0.0,30000.0,30000.0,False,0.0,True,1.0,True,1.0,125000.0,97.0,1.0,1.74433017,,1.0,20.076884353999997,9.925663969999999,10.151220383999998,61.0,41.0,False,0.0,0.0,19.088315289999997,0.8793919915901492,18.0,31.576279379999995,22.022908192000003,9.553371187999993,81.0,59.0,False,0.0,0.0,30.587710316,0.8817124841231493,15.0,54.0,2.6536344078392324,770.0,1.603585429304033,1.41548591695845,2.6536344078392324,770.0,1.8747162200958352,1.6115767604136135,2.6536344078392324,770.0,1.6466075169501533,1.8030556307758727,2.6536344078392324,770.0,1.4717429471088184,1.5762437961845925,2.6536344078392324,770.0,1.6835177491340734,774.0,2.6536344078392324,
retardmode,BirTjM75mtYKTGbEPnZMKpruBniV8Jwo7oHisMnBpump,NIGGERMAS,1762365639,False,8826.7737,1800,False,True,,Pump.fun,,,118,True,1,0.0,0.988576024,0.988576024,34165003.950986,0.034165003950986,2.0,30000.0,125000.0,True,1.0,True,1.0,True,1.0,125000.0,48.0,1.0,1.413026564,,0.0,13.754895281000001,7.354470889999999,6.400424391000002,27.0,27.0,False,0.0,0.0,12.766319257,0.9728021973401567,13.0,28.121767677000005,24.667459341,3.454308336000004,51.0,47.0,False,0.0,0.0,27.133191653,1.0,8.0,20.0,1.8026273985556733,170.0,1.2018442438546952,1.4070735360032964,1.8026273985556733,170.0,1.2811181167374683,1.3841746832179354,1.8026273985556733,170.0,1.3023120711649756,1.2528942426606848,1.8026273985556733,170.0,1.4387705978499497,1.7596817383596568,1.3787583023124468,480.0,0.7835270846179833,173.0,1.8826863179611442,
retardmode,867xmoFFdTbFeVDNAXzSgPjQFRKJPgNAUNi4kwb6pump,HANUKKAH,1762366155,False,6131.2128,1800,False,True,,Pump.fun,,,14,True,1,0.0,0.988576024,0.988576024,34165003.950986,0.034165003950986,4.0,30000.0,125000.0,True,1.0,True,1.0,True,1.0,125000.0,7.0,1.0,0.9866341840000001,,0.0,5.04000317,5.038061325999999,0.0019418440000009696,5.0,5.0,False,0.0,0.0,4.051427146,,0.0,5.04000317,5.038061325999999,0.0019418440000009696,5.0,5.0,False,0.0,0.0,4.051427146,,0.0,2.0,1.1289614389120008,0.0,0.9983836258447181,1.1289614389120008,0.9983836258447181,1150.0,0.8843381106150775,1.1289614389120008,0.9983836258447181,1150.0,0.8843381106150775,1.1289614389120008,0.9983836258447181,1150.0,0.8843381106150775,1.1289614389120008,0.9983836258447181,1150.0,0.8843381106150775,0.0,1.1289614389120008,
retardmode,C6iAKNXgpt21gpSuoWQYPJ9rAXGGu7WXZjyA5ddcpump,clappy,1769587767,False,4278.3698,1800,False,True,,Pump.fun,,,8,True,1,0.0,0.9891159199999999,0.9891159199999999,34199203.120618,0.034199203120618,1.0,645000.0,645000.0,False,0.0,False,0.0,False,0.0,645000.0,,0.0,0.0,,0.0,2.908068604,1.918952679,0.9891159249999999,4.0,4.0,False,0.0,0.0,1.9189526840000002,1.0,1.0,2.908068604,1.918952679,0.9891159249999999,4.0,4.0,False,0.0,0.0,1.9189526840000002,1.0,1.0,1.0,1.0608903760908188,0.0,1.0608903760908188,1.0608903760908188,,,,1.0608903760908188,,,,1.0608903760908188,,,,1.0608903760908188,,,,0.0,1.0608903760908188,
retardmode,AfcCTXLCQjzpS87pWzwNVFTkUqLKNxGMwDyHdN6gpump,Chazerei,1769675612,False,8209.21019179079,1800,False,True,,Pump.fun,,,9,True,1,0.0,1.975145249,1.975145249,66219428.509299,0.066219428509299,3.0,40000.0,40000.0,False,0.0,False,0.0,False,0.0,40000.0,,0.0,0.0,,0.0,3.956090028,1.980944776,1.9751452520000001,4.0,4.0,False,0.0,0.0,1.980944779,1.0,1.0,3.9560900670000003,1.980944776,1.9751452910000002,5.0,5.0,False,0.0,0.0,1.980944818,1.0,2.0,1.0,1.061433359663331,0.0,1.061433359663331,1.061433359663331,,,,1.061433359663331,,,,1.061433359663331,,,,1.061433359663331,,,,0.0,1.061433359663331,
retardmode,73qWYYtJCNmbPbQuVMyAMPXH7Kmmx6okupT8J2W4pump,PEACE,1769952650,True,1686653.7,1800,False,True,,Pump.fun,,,287,True,2,0.0,3.948088848,3.948088848,124733323.581942,0.124733323581942,0.0,40000.0,40000.0,False,0.0,False,0.0,False,0.0,40000.0,,0.0,0.0,,1.0,10.190448838999998,1.7935589889999999,8.396889849999999,29.0,29.0,False,0.0,0.0,6.242359991000001,0.9027219674838269,24.0,20.413350553,9.282486727000002,11.130863825999999,73.0,72.0,False,0.0,0.0,16.465261705,0.7956566744158363,36.0,45.0,3.9092600764969903,1790.0,3.9092600764969903,1.1381640448295578,3.9092600764969903,1790.0,3.434707056733996,1.3008766905610492,3.9092600764969903,1790.0,3.0050965666937914,1.633425466129705,3.9092600764969903,1790.0,2.3932895363507014,1.659444415163829,3.9092600764969903,1790.0,2.3557643996837627,1797.0,3.9092600764969903,
retardmode,H2rsD4PFTEUqy6qFyv3XneYCuWLjTRACzqdaRNA3pump,YGIG,1775957881,False,12497.192,1800,False,True,,Pump.fun,,,799,True,1,0.0,1.001624833,1.001624833,34618137.775766,0.034618137775766,0.0,8500.0,8500.0,False,0.0,False,0.0,False,0.0,8500.0,,0.0,0.0,,1.0,67.880821195,49.168099043999995,18.712722151,73.0,63.0,False,0.0,0.0,66.879196362,0.5836838476339811,39.0,124.490313766,92.030194342,32.460119424,254.0,174.0,False,0.0,0.0,123.48868893299999,0.44282742441174333,86.0,79.0,5.022211326169448,220.0,2.894961806295863,2.245959174769359,5.022211326169448,220.0,2.2361098022563954,2.613837150265248,5.022211326169448,220.0,1.921394118091788,3.3137185603231476,5.022211326169448,220.0,1.5155817353661114,3.963963449943792,4.31620344503132,300.0,1.0888605557381017,216.0,5.153638008875643,
retardmode,2PzAssUQ84Vph4wppHSmkEfF1wubjyKxFG54fBAmpump,yoohoo,1787741868,False,12455.062,1800,False,True,,Pump.fun,,,327,True,1,0.0,4.944225992,4.944225992,151773183.854206,0.151773183854206,0.0,10000.0,7000.0,True,0.5,True,0.5,True,0.5,7000.0,8.0,0.5,6.630105606,269.0,0.0,78.298278942,69.67214544999999,8.626133492000008,116.0,102.0,False,0.0,0.0,73.35405295,0.8661099356020932,24.0,92.93028107,76.26598868500001,16.664292384999996,153.0,126.0,True,0.98765432,1.0,86.998400758,0.689459287286146,31.0,25.0,2.099628707446999,0.0,1.1258374225255448,1.3273483957270533,2.048882215863416,280.0,1.5435903809874598,1.2911771856203056,2.048882215863416,280.0,1.5868327280574546,1.2827501391801557,2.048882215863416,280.0,1.5972574496642957,2.048882215863416,1.8483755550322296,480.0,0.9021385127564832,4.0,3.7011720177952334,
retardmode,8PGK4bq39nPBNfw2sZLdPBcAnz2whZbNsHszenWKpump,GOOSE,1787795018,False,9663.2469,1800,False,True,,Pump.fun,,,136,True,1,0.0,2.9691874540000005,2.9691874540000005,96583719.241621,0.096583719241621,2.0,10000.0,7000.0,True,0.49999999999999484,True,1.0,True,1.0,4000.0,7.0,1.0,4.5314419489999995,,0.0,54.0903359,49.246578087,4.843757812999996,64.0,52.0,False,0.0,0.0,51.121148446,0.9894096071081555,14.0,54.091447009999996,53.99508822100001,0.09635878899998573,65.0,52.0,False,0.0,0.0,51.122259556,1.0,2.0,5.0,1.891769465958692,0.0,1.2316386847622367,1.5180449722051579,1.2316386847622367,50.0,0.8113321458277493,1.2316386847622367,,,,1.2316386847622367,,,,1.2316386847622367,,,,4.0,2.611705166211648,
retardmode,9K1NgrVXh7Qrc3KuZyXRN5ctxr1MGc1y1fEnDsCNpump,BIRD,1787795139,False,6585.1206,1800,False,True,,Pump.fun,,,91,True,1,0.0,2.9691874540000005,2.9691874540000005,96583719.241621,0.096583719241621,3.0,10000.0,7000.0,True,0.49999999999999484,True,0.49999999999999484,True,0.49999999999999484,7000.0,6.0,0.49999999999999484,2.247590279,,0.0,12.735295570000002,10.979332444,1.755963126000001,13.0,12.0,False,0.0,0.0,9.766108116,1.0,5.0,20.518114431,11.901038216000002,8.617076214999999,34.0,26.0,False,0.0,0.0,17.548926976999997,0.9505928905271764,16.0,18.0,1.5275294243845492,300.0,1.4192508967710256,1.1000870600212664,1.5275294243845492,300.0,1.3885532153746265,1.1000870600212664,1.5275294243845492,300.0,1.3885532153746265,1.1000870600212664,1.5275294243845492,300.0,1.3885532153746265,1.462794123728944,1.5275294243845492,300.0,1.0442545533957865,2.0,1.5964900195336855,
retardmode,73ctjbijQsn6yXDHSAj8wF8YV74YgGKpkyxGFyoTpump,MRHATE,1788139859,True,159006.75,1800,False,True,,Pump.fun,,1737.0,143,True,2,0.0,14.691039559999998,14.691039559999998,352694127.579693,0.35269412757969304,1.0,10000.0,10000.0,False,0.0,False,0.0,False,0.0,10000.0,,0.0,0.0,1095.0,0.0,17.700652441,1.5290177140000003,16.171634726999997,4.0,4.0,False,0.0,0.0,3.0096128810000002,1.0,4.0,35.670119097,9.512202053,26.157917043999998,36.0,31.0,False,0.0,0.0,20.979079537000004,0.9666528270755481,20.0,46.0,3.642489488264622,1270.0,3.526918823440714,1.0662807193212551,3.642489488264622,1270.0,3.4160699169194975,1.5879333948031926,3.642489488264622,1270.0,2.2938553343517722,2.269397378003664,3.642489488264622,1270.0,1.6050470153749958,2.4333687887522313,3.642489488264622,1270.0,1.4968916775382808,1270.0,3.642489488264622,1737.0
retardmode,CSRRgTwf9o5KLgguS2M16aEAhV5PUUzfshrAAQ8opump,RETARDIO,1788293226,True,552585.5793591044,1800,False,True,,Pump.fun,,728.0,3787,True,2,0.0,24.550949945,24.550949945,482891155.480965,0.482891155480965,2.0,30000.0,30000.0,False,0.0,False,0.0,False,0.0,30000.0,,0.0,0.0,38.0,0.0,67.293540043,22.013003652,45.280536391,70.0,66.0,True,0.98765432,1.0,41.754935778,0.9213005574115822,43.0,101.33918378,41.971414579,59.367769201,126.0,106.0,True,0.98765432,1.0,75.800579515,0.8850178901850748,53.0,168.0,29.202315600672264,830.0,18.04083897622564,2.3829615361891965,29.202315600672264,830.0,12.2546315402859,4.0370782864989065,29.202315600672264,830.0,7.233527201672752,3.977221996151289,29.202315600672264,830.0,7.342390147930138,4.673715073150253,29.202315600672264,830.0,6.248201942911519,833.0,29.642262322649362,728.0
retardmode,5o9kmr8gEVXzcj5wPRD4LmENBxk33Q8RWsVWgsJTpump,GIGAY,1789235295,False,20777.983,1800,False,True,63LfDmNb3MQ8mw9MtZ2To9bEA2M71kZUUGq5tiJxcqj9,Pump.fun,,,394,True,1,0.0,9.653382404487354,446681.15499999997,197203206.231122,0.19720320623112197,1.0,11000.0,11000.0,False,0.0,True,0.7606367201971358,True,0.7606367201971358,9079.0,96.0,0.7606367201971358,23.234428608625624,417.0,0.0,40.229357008606705,9.96622989786041,30.263127110746296,49.0,37.0,False,0.0,0.0,30.57597460411936,0.7868208882230308,29.0,111.65703707325977,80.42874214330936,31.22829492995041,185.0,119.0,False,0.0,0.0,102.00365466877243,0.5084526782827473,58.0,61.0,3.8311297503818094,90.0,1.6348772883626579,1.6821701219592602,3.8311297503818094,90.0,2.2774924488134465,2.3117095088926005,3.8311297503818094,90.0,1.6572712685760724,2.9310852898997464,3.224828045423716,120.0,1.1002163794196573,2.462301514426528,2.686903034416186,320.0,1.0912160913981193,91.0,4.134214776096663,
retardmode,3QcsBKUe9Vs78W8dKfhaq7KJZoQJRZsTnrWMZPxtpump,GMONAD,1789239412,False,15547.309,1800,False,True,CrAr4RRJMBVwRsZtT62pEhfA9H5utymC2mVx8e7FreP2,Pump.fun,,,119,True,1,0.0,9.780877015255289,41892.65327081,199835747.078708,0.199835747078708,1.0,11000.0,11000.0,False,0.0,False,0.0,True,1.0,377391.5,124.0,1.0,10.906247640165091,,0.0,46.35215296297196,11.348625777154503,35.003527185817454,51.0,35.0,False,0.0,0.0,36.571275947716664,0.7751392830129635,29.0,49.12560263703248,47.522709762508825,1.6028928745236541,61.0,40.0,False,0.0,0.0,39.34472562177719,1.0,3.0,12.0,2.6592629409715207,50.0,0.8424698311849566,1.7135852080079683,2.6592629409715207,50.0,1.551870854477611,2.6592629409715207,2.0604507402481596,70.0,0.774820236277728,1.4682756887427155,1.0027161354456904,130.0,0.6829208868154156,1.0027161354456904,0.8424698311849566,460.0,0.8401877674088619,45.0,2.692805652998609,
retardmode,5TvxfHoP7F5rGZ5HjwhQMu4NNJ5M9qEQo6WE56Xupump,PQ,1789267773,True,746423.69,1800,False,True,GkyPYa7NnCFbduLknCfBfP7p8564X1VZhwZYJ6CZpump,Pump.fun,,480.0,2972,True,2,0.0,47.29057467597376,1906653.48973,573125727.1252,0.5731257271252,0.0,11000.0,11000.0,False,0.0,False,0.0,False,0.0,11000.0,,0.0,0.0,265.0,37.0,54.41281222574544,0.0,54.41281222574544,9.0,6.0,False,0.0,0.0,7.122237549771677,1.0,6.0,131.9213084192895,27.217571691391377,104.7037367278981,132.0,93.0,True,0.9560202450003958,1.0,83.67471349831533,0.8931456751604493,68.0,165.0,71.0259266713501,1660.0,46.86127620319776,1.0,71.0259266713501,1660.0,71.0259266713501,2.331740073191336,71.0259266713501,1660.0,30.460482061424827,2.839844567924254,71.0259266713501,1660.0,25.010497924280955,5.786375031271701,71.0259266713501,1660.0,12.274684286362334,1663.0,86.55407323916862,480.0
retardmode,6UCVtwUzZpCNamgi8SUSvYWejy7U6oS764hy5bQTpump,WOJAK,1789419761,False,75073.961,1800,False,True,5UUH9RTDiSpq6HKS6bp4NdU9PNJpXRXuiw6ShBTBhgH2,Pump.fun,,706.0,2572,True,2,0.0,23.65015478887841,51077.922646,385307660.961957,0.38530766096195695,2.0,11000.0,11000.0,False,0.0,True,0.8945312499999986,True,0.8945312499999986,83185.0,73.0,0.8945312499999986,61.012755147054605,139.0,0.0,152.72638453030083,68.38168991723849,84.34469461306234,201.0,155.0,False,0.0,0.0,129.0762297414224,0.7323656789645173,89.0,372.88325188682074,297.8457216265545,75.03753026026624,551.0,365.0,True,2.867366069374762,1.0,346.3657310285676,0.3235098202948022,166.0,174.0,11.565368475210127,1040.0,6.159350016524921,5.645419369074433,11.565368475210127,1040.0,2.0486287588421037,6.7324064973075535,11.565368475210127,1040.0,1.7178654437808216,2.3965323356579367,11.565368475210127,1040.0,4.825876247580447,5.290815339098861,11.565368475210127,1040.0,2.1859331188035673,745.0,11.827690632873441,706.0
retardmode,55RmyrWp3e1KNVbQSie5Wz68YGL4CFtSXLs1dK66pump,MERCURY,1789434983,False,16081.061,1800,False,True,,Pump.fun,,,504,True,1,0.0,4.943819952,4.943819952,151773183.854206,0.151773183854206,0.0,10000.0,4000.0,True,0.7187499999999963,True,0.7187499999999963,True,0.7187499999999963,4000.0,6.0,0.8227594294460954,13.071329806,,1.0,85.047630938,55.62669655999999,29.420934378000005,164.0,132.0,False,0.0,0.0,80.103810986,0.6206396219582797,79.0,92.80354738,86.3072223,6.496325079999991,216.0,151.0,False,0.0,0.0,87.85972742800001,1.0,9.0,19.0,4.196936636914276,30.0,1.1342566388760433,3.3284379647000755,4.196936636914276,30.0,1.2609328103528168,3.316719692701558,2.9366925544930824,60.0,0.885420785167729,2.1756143930858953,2.521959323420957,620.0,1.1591940793532836,1.6218609259223444,2.521959323420957,620.0,1.5549787796920571,34.0,4.635343138417182,
retardmode,8EY3N5r12Ho4PpqTcKKJuyNyX7B11no95cRxmP7Fpump,LEMON,1789435654,False,11977.037,1800,False,True,,Pump.fun,,,414,True,1,0.0,14.779702281,14.779702281,354126888.181831,0.354126888181831,5.0,10000.0,4000.0,True,0.9397826478376413,True,0.9397826478376413,True,0.9397826478376413,4000.0,5.0,0.9397826478376413,20.078686765,,0.0,63.262964583,52.101949882999996,11.161014700000003,120.0,85.0,False,0.0,0.0,47.495607981999996,0.6511424825748396,34.0,107.56092173500002,88.161201118,19.39972061700003,205.0,143.0,False,0.0,0.0,91.793565134,0.6851520592630947,30.0,24.0,2.0287449106673385,120.0,0.7396907668370195,1.221000416656819,2.0287449106673385,120.0,1.6615431763915185,1.2551525514452466,2.0287449106673385,120.0,1.6163333360007421,1.9938409791821323,2.0287449106673385,120.0,1.0175058752677075,1.6746464656757238,1.8675703716752,360.0,1.115202766645813,2.0,2.385688481369908,
retardmode,3daJhunNNgP5KyY9wrnzhLdpsT5KpXaVexdaCPxtpump,SPOON,1789436221,False,9400.6827,1800,False,True,,Pump.fun,,,141,True,1,0.0,19.673212793,19.673212793,424947838.829844,0.424947838829844,3.0,10000.0,7000.0,True,1.0,True,1.0,True,1.0,7000.0,5.0,1.0,21.038967283000005,,0.0,48.670903759000005,44.73398833900001,3.9369154199999983,61.0,56.0,False,0.0,0.0,28.997690966,0.8357294295561619,18.0,48.758311146000004,48.70976001800001,0.048551127999992616,63.0,58.0,False,0.0,0.0,29.085098353000003,1.0,2.0,8.0,1.046336715703602,0.0,0.6185235219172331,1.0336881899830412,0.9035349119885852,30.0,0.8740884540853743,0.8548686315831935,0.7522853445996435,90.0,0.8800011098856575,0.7522853445996435,0.6185235219172331,480.0,0.8221927043473156,0.7522853445996435,0.6185235219172331,480.0,0.8221927043473156,1.0,1.9754543005846192,
slingoor,8LZKRa3f23CrCTwLFRY9jQWRjFQwGiuP46Mk9jytpump,MARVIN,1782768360,True,288118.593346781,1800,False,True,EPjFWdd5AufqSSqeM2qN1xzybapC8G4wEGGkZwyTDt1v,pump_agent,,,1230,True,2,0.0,17.025886551826193,1283.950616,247075181.586938,0.247075181586938,5.0,87149.0,87149.0,False,0.0,False,0.0,False,0.0,87149.0,,0.0,0.0,406.0,0.0,279.2998042896707,219.77334098953966,59.52646330013104,277.0,155.0,False,0.0,0.0,262.2739177378445,0.6669900606475371,66.0,315.9012406943858,247.25276530178374,68.64847539260208,330.0,191.0,False,0.0,0.0,298.8753541425596,0.6314514259295076,66.0,114.0,10.885842355729391,1280.0,7.8743247882021485,2.9370430687102083,10.885842355729391,1280.0,3.706395208058651,3.0672344427683105,10.885842355729391,1280.0,3.549074111825783,3.610814771630813,10.885842355729391,1280.0,3.014788363351254,4.022192996038969,10.885842355729391,1280.0,2.706444560579192,1268.0,10.929836239254106,
slingoor,EreHLTHoNetftsiFo7ZEBZWCgFK7d4VkAPbbNUfHpump,FibFrog,1782854531,False,42733.15486873761,1800,False,True,,Pump.fun,,0.0,367,True,2,0.0,17.186876464,17.186876464,390794348.491498,0.39079434849149797,7.0,52463.0,119015.0,True,1.0,True,1.0,True,1.0,80049.0,14.0,1.0,35.447766905,,0.0,184.50934198,162.740094153,21.769247826999987,135.0,108.0,False,0.0,0.0,167.322465516,0.9503281467970365,20.0,212.43292841800002,190.352109607,22.08081881100003,177.0,131.0,False,0.0,0.0,194.26313936300002,0.9999907720584525,13.0,22.0,3.1682472414711658,0.0,0.43359170431423577,1.1134821076091033,1.3498479525278249,130.0,1.212276284731914,0.6702962205851614,1.3498479525278249,130.0,2.0138080912188676,0.7290678197325455,1.3498479525278249,130.0,1.8514710373899221,0.634026148008084,0.500918011113359,500.0,0.7900589158461209,3.0,8.55677267783662,0.0
slingoor,BRwP5xBFTzCGWoNr5nuffFDgx1ou945pQ7Qqkq8kpump,78,1782963039,False,35648.333,1800,False,True,,Pump.fun,,3.0,224,True,2,0.0,35.557246834,35.557246834,581966101.683263,0.5819661016832629,2.0,165242.0,165242.0,True,1.0,True,1.0,True,1.0,165242.0,38.0,1.0,36.691669326,,0.0,138.717764265,112.71641578699999,26.00134847800001,97.0,80.0,False,0.0,0.0,103.160517431,0.7020489353314034,31.0,148.506566665,129.08809015900005,19.418476505999962,118.0,89.0,False,0.0,0.0,112.94931983100001,0.9996611472957038,12.0,18.0,2.8664119144728626,20.0,0.3342278575934728,2.8664119144728626,2.6201722998136896,30.0,0.9140948258636942,0.5357825614783397,0.7156104658655045,70.0,1.335635978690648,0.4678746495394732,0.44886580256727177,130.0,0.9593719236746172,0.3410946753872865,0.3342278575934728,1500.0,0.9798682937925755,4.0,6.13701087323454,3.0
slingoor,33uygG3GWW6v5sgjfhUeVMBTD5H6hj1XwuK6JZM7pump,💀,1782963719,False,58907.162703909824,1800,False,True,,Pump.fun,,961.0,234,True,2,0.0,16.791814735,16.791814735,385034300.765236,0.38503430076523604,0.0,27201.0,62184.0,True,1.0,True,1.0,True,1.0,62184.0,11.0,1.0,25.838363668999996,,0.0,95.203506287,93.30452707599999,1.898979211000011,121.0,98.0,False,0.0,0.0,78.411691552,0.9970274299772307,12.0,95.367289002,95.25119480299998,0.11609419900003104,123.0,99.0,False,0.0,0.0,78.575474267,1.0,4.0,7.0,1.8204916987136888,0.0,0.6514672937042587,0.9382345718784595,0.9733089257599732,30.0,1.0373833526633862,0.8795287062346746,0.6514672937042587,80.0,0.7407004331822629,0.6514672937042587,,,,0.6514672937042587,,,,4.0,3.989504362261127,961.0
slingoor,7HMLeQPDkNCDbVvmQ3gfY1FggUsayafioiuB9WQxpump,BEGFI,1782997289,False,20218.04767350402,1800,False,True,,Pump.fun,,,248,True,1,0.0,18.767123377,18.767123377,412901265.798887,0.41290126579888703,4.0,45068.0,804637.0,True,1.0,True,1.0,True,1.0,804637.0,10.0,1.0,23.542661681,,0.0,83.085509268,73.487531,9.597978267999991,115.0,81.0,False,0.0,0.0,64.318385891,0.813973584978615,25.0,90.147818198,86.97302534899998,3.1747928490000135,137.0,87.0,False,0.0,0.0,71.38069482099999,1.0,10.0,13.0,1.6014535014411144,40.0,0.8937329755909905,0.9639197351239311,1.6014535014411144,40.0,1.6613971507028182,1.1472409029116517,0.9822558151564709,60.0,0.8561896744297948,0.9297938928294613,0.8937329755909905,140.0,0.9612162248896542,0.8937329755909905,,,,2.0,2.0944074795672964,
slingoor,FEJdyNUQeroXwQNqTZGQbjfjdXcVgeeXDCKpAtVdpump,catcall,1785617165,True,215137.83,427,True,True,,Pump.fun,,31.0,9090,True,2,0.0,1.931992888,1.931992888,64866710.33715,0.06486671033715,3.0,5255.0,5255.0,False,0.0,False,0.0,False,0.0,5255.0,,,,105.0,0.0,353.520856224,258.54861734499997,94.97223887900003,631.0,430.0,False,0.0,0.0,351.588863336,0.34509592576682707,304.0,2177.868944343,2026.080856561,151.78808778199982,3784.0,1667.0,True,2.9703557280000004,3.0,2172.966595727,0.2560787174618363,929.0,43.0,55.794434309717985,260.0,41.311774496454014,7.626350498181695,55.794434309717985,260.0,7.316007089238911,15.573713743896654,55.794434309717985,260.0,3.582603046854117,19.981381694470283,55.794434309717985,260.0,2.792321129882561,51.29624565468645,47.88992799211263,300.0,0.9335951857860261,261.0,60.36377472671942,31.0
slingoor,BSCBC5GE7kP6EiDVbHTN5f2ec1bPVV8Tov2zynQApump,dontbuy,1785684542,False,12851.158,1800,False,True,,Pump.fun,,,367,True,1,0.0,0.742432019,0.742432019,25855421.62745,0.02585542162745,4.0,610885.0,610885.0,False,0.0,False,0.0,True,1.0,805442.5,217.0,1.0,1.210648327,,0.0,89.35961815900001,77.44231896599999,11.91729919300002,140.0,123.0,False,0.0,0.0,88.61718614,0.7040026762151095,30.0,104.891848772,99.25707578199999,5.634772990000016,184.0,148.0,False,0.0,0.0,104.149416753,0.8304573726404175,24.0,26.0,2.1880142225990005,0.0,1.222886365384834,1.7696365848881703,2.1471094368157795,40.0,1.213305293951901,2.051255940458262,2.047603929269285,60.0,0.9982196218828933,1.4609766903863335,1.907980579780066,160.0,1.3059623691022264,1.3743589446400348,1.222886365384834,490.0,0.8897867403228683,3.0,3.189142059126763,
slingoor,8rWNVQoFyhWgKfBQGo1o7va5imP9rYT9jNroDqN4pump,OFFICIAL,1785698285,True,3816034.2,1800,False,True,,Pump.fun,,4.0,4956,True,2,0.0,14.075765353000001,14.075765353000001,342638655.444386,0.342638655444386,0.0,305445.0,305445.0,False,0.0,False,0.0,False,0.0,157056.5,,0.0,0.0,138.0,0.0,228.562610696,162.694947017,65.867663679,300.0,242.0,False,0.0,0.0,214.48684534299997,0.7083284126722847,96.0,630.4296453689999,511.139673291,119.28997207799989,1032.0,659.0,True,1.089130432,2.0,615.264749584,0.6151721876512988,356.0,181.0,52.34045265921301,1600.0,45.60350663214563,4.816287663650848,52.34045265921301,1600.0,10.867385072165277,5.00912762490556,52.34045265921301,1600.0,10.449015592849825,7.254885611737946,52.34045265921301,1600.0,7.214511084024463,26.27453073039837,52.34045265921301,1600.0,1.9920604176065309,1605.0,55.038131764418786,4.0
slingoor,5NdJrszDQGVF5iWeUhVLTQqLFvYBbeZ3s42ridA5pump,Chairman,1785820795,True,407395.15,1800,False,True,,Pump.fun,,0.0,5761,True,2,0.0,39.507864118,39.507864118,609875666.064564,0.609875666064564,6.0,27041.0,27041.0,False,0.0,False,0.0,False,0.0,513520.5,,0.0,0.0,307.0,0.0,262.440017999,149.160685319,113.27933268000001,282.0,222.0,False,0.0,0.0,222.932153881,0.8480540385933951,161.0,774.2830631429999,599.8122249180001,174.47083822499985,1111.0,658.0,False,0.0,0.0,734.7751990250001,0.774419099873261,365.0,179.0,71.55797940032566,1360.0,46.51389228097057,10.33927967307482,71.55797940032566,1360.0,6.920983053265729,13.074639267750026,71.55797940032566,1360.0,5.473036611941635,17.671307354093766,71.55797940032566,1360.0,4.049387969235248,31.07136465517381,71.55797940032566,1360.0,2.3030201664608985,1365.0,78.27230086620025,0.0
slingoor,A13oRB9FFaiUjfi6LdCg6p9ka1u8SfGkUFs4SKvPpump,TOAD,1786197553,True,23598026.740533598,1800,False,True,,Pump.fun,,25.0,7454,True,2,0.0,6.915271525,6.915271525,200963210.657135,0.20096321065713502,21.0,112553.0,112553.0,False,0.0,False,0.0,False,0.0,112553.0,,0.0,0.0,1207.0,0.0,394.915597976,300.968227731,93.947370245,556.0,401.0,False,0.0,0.0,388.000326451,0.5383150806938649,257.0,659.46847123,571.8271452639999,87.64132596600007,1036.0,646.0,False,0.0,0.0,652.553199705,0.43021079560791453,326.0,181.0,67.77679861097582,1740.0,59.88528335567495,13.91288509607532,67.77679861097582,1740.0,4.871512856100202,12.857594767157618,67.77679861097582,1740.0,5.271343500737735,10.35609061182465,67.77679861097582,1740.0,6.544631671490769,17.11641735432515,67.77679861097582,1740.0,3.959753797067193,1743.0,71.63952665791382,25.0
slingoor,Fi4FaMHyNCbeAatCt3mcesP9UPfuALzCckPVyAFcpump,sling,1786987952,True,1208939.1,872,True,True,,Pump.fun,,2.0,17736,True,2,0.0,60.248604859,60.248604859,716311901.499859,0.716311901499859,2.0,110882.0,110882.0,False,0.0,False,0.0,False,0.0,555441.0,,,,229.0,0.0,3224.030492516,2777.884719562,446.14577295399977,3071.0,1474.0,False,0.0,0.0,3163.781887657,0.7890742240793155,1021.0,5438.314493652,5003.637594014001,434.67689963799967,5882.0,2373.0,True,0.992570579,1.0,5377.073318213999,0.7881364199816615,1166.0,88.0,146.05722167188597,160.0,98.9644508580749,88.72843833568115,146.05722167188597,160.0,1.6461150946815515,122.07045832916995,146.05722167188597,160.0,1.1964993305590312,145.93985200894224,146.05722167188597,160.0,1.000804233122948,127.75535086991795,144.7889462914121,660.0,1.1333298003215377,118.0,167.99845637060747,2.0
slingoor,9YJzAMEeVsXnArkQxW2FAT8kprAes7LWa6PmDs5Epump,WINNIE,1787352133,True,390755.83,1800,False,True,,Pump.fun,,22.0,9653,True,2,0.0,29.631320908,29.631320908,533167701.8486,0.5331677018486,7.0,121132.0,148383.0,True,1.0,True,1.0,True,1.0,148383.0,13.0,1.0,149.83018829,62.0,0.0,1257.0725376120001,1207.619200486,49.45333712600018,1121.0,679.0,False,0.0,0.0,1227.441216704,0.3162249712720749,274.0,1593.6336157140001,1517.6017011490003,76.03191456499985,1790.0,1074.0,True,4.449866779,3.0,1559.5524280270001,0.26093288755398286,439.0,181.0,27.022592644930803,950.0,4.505294144992449,6.440593364988804,27.022592644930803,950.0,4.195668180485693,3.6960318130185765,27.022592644930803,950.0,7.311244602859966,5.042727691137204,27.022592644930803,950.0,5.3587253367704335,11.618226059133008,27.022592644930803,950.0,2.3258793990919577,5.0,58.692126770655875,22.0
slingoor,6XcRtqjTdc5rLXZzs9VGfoJF5sYXT7LVwSbLRxgvpump,HOODWARTS,1787353182,True,103646.51,1800,False,True,,Pump.fun,,2.0,2170,True,2,0.0,49.384407328,49.384407328,667496111.968053,0.667496111968053,2.0,78520.0,20395.0,True,1.0,True,1.0,True,1.0,20395.0,15.0,1.0,84.63800423800001,38.0,0.0,416.46969986600004,366.880214372,49.58948549400003,463.0,316.0,True,0.098785184,1.0,366.98650735399997,0.35494157297194573,147.0,564.981183013,522.047953062,42.93322995099993,1006.0,557.0,True,1.086637034,1.0,514.510138651,0.3595190093446771,228.0,117.0,4.100807567410797,230.0,1.0286621800217957,1.5140453943303225,4.100807567410797,230.0,2.7085103146624117,1.7399251675504186,4.100807567410797,230.0,2.3568873213002512,2.2457573437926603,4.100807567410797,230.0,1.8260243381795234,2.7981839559078225,2.418159243705683,590.0,0.8641888030985986,4.0,13.8058763111065,2.0
slingoor,2hXHY3DnN7HUGySZEmBsLFKSqLB8nj3aE8wwq44wpump,LIZARD,1787353428,True,1119688.5,881,True,True,,Pump.fun,,19.0,8496,True,2,0.0,59.260950538,59.260950538,712365145.223127,0.712365145223127,10.0,65720.0,65720.0,False,0.0,False,0.0,False,0.0,65720.0,,,,60.0,0.0,853.3072562269999,600.291445904,253.01581032299987,818.0,541.0,True,2.627520893,1.0,791.418784796,0.8328642326779709,369.0,2281.2303334099997,1965.406987789,315.8233456209998,2820.0,1432.0,True,11.059212381999998,3.0,2210.91017049,0.8061803493399405,760.0,89.0,97.55421023504678,820.0,86.67454080345215,23.865191931031408,97.55421023504678,820.0,4.087719491926612,41.29181623530408,97.55421023504678,820.0,2.3625555649847856,63.008662265889214,97.55421023504678,820.0,1.5482666466299408,69.9728544412477,97.55421023504678,820.0,1.394172225987402,824.0,106.31288369988364,19.0
slingoor,EKSZLgVMFzwBbBgteCJFdaZig8G5g4TkNNkWMA7pump,DIDDY,1787462106,True,334454.79,1800,False,True,,Pump.fun,,996.0,5900,True,2,0.0,39.507864118,39.507864118,609875666.064564,0.609875666064564,0.0,107715.0,553857.5,False,0.0,False,0.0,False,0.0,918459.0,,0.0,0.0,70.0,0.0,290.258743987,177.721978533,112.536765454,406.0,285.0,False,0.0,0.0,249.72620642699997,0.8121966147385493,191.0,641.0967703680001,498.863743712,142.2330266560001,1083.0,691.0,True,25.000494062,2.0,575.563738746,0.7812377783847356,364.0,180.0,50.31662808714975,840.0,33.45948830743674,8.437352122247413,50.31662808714975,840.0,5.963556736535393,11.353502581976183,50.31662808714975,840.0,4.431815444075204,20.629567356300875,50.31662808714975,840.0,2.439053966479892,20.569800516342347,50.31662808714975,840.0,2.4461407900953667,849.0,52.30755490880216,996.0
slingoor,B2aMig4am6NRtr6NQwW7NkFDiXUrq236PogVcDU9pump,🐺,1787798159,True,451642.25,1800,False,True,,Pump.fun,,4.0,4792,True,2,0.0,62.996643607,62.996643607,726852180.202156,0.7268521802021559,5.0,10000.0,10000.0,False,0.0,False,0.0,False,0.0,10190.0,,0.0,0.0,,0.0,680.0863805,462.30956558599996,217.77681491400006,663.0,460.0,False,0.0,0.0,617.089736893,0.8678988314056708,298.0,1053.2063188748575,901.9470711571424,151.25924771771508,1391.0,773.0,False,0.0,0.0,990.2096752678575,0.871562656299523,299.0,175.0,50.64639636318318,1300.0,26.622961226109695,25.33703482793874,50.64639636318318,1300.0,1.9989077927672978,31.205426063542546,50.64639636318318,1300.0,1.6229996751223215,31.122202974807646,50.64639636318318,1300.0,1.6273396971345409,20.073747527919554,50.64639636318318,1300.0,2.5230165066458907,1299.0,51.354249607913545,4.0
slingoor,7WmJggBc9wb3ZyaPFcAXvporuW4jE4Xf8w3YGWRrpump,INSANE,1787817601,False,67430.263,1800,False,True,,Pump.fun,,6.0,5082,True,2,0.0,6.81807865,6.81807865,198661090.066186,0.198661090066186,22.0,10000.0,7000.0,True,1.0,True,1.0,True,0.9464017540044803,4000.0,17.0,0.886563998444655,50.417405416,24.0,0.0,399.378815903,347.298173131,52.080642771999976,601.0,423.0,True,5.92711111,1.0,386.633626143,0.4081785944592274,249.0,585.218320251,527.016395401,58.20192485000007,1124.0,696.0,True,8.890666665000001,1.0,567.533871233,0.34179275736721676,312.0,163.0,10.412436020144112,650.0,5.073719786476793,7.151414097274724,10.412436020144112,650.0,1.455996797068723,5.949635826918852,10.412436020144112,650.0,1.7500963627107269,3.6195999889956707,10.412436020144112,650.0,2.8766814155707983,8.395195958082107,10.412436020144112,650.0,1.2402850477980798,14.0,18.384286159883956,6.0
slingoor,GE8q5h6eSx5qf67A3DDatSPCtoLsqQqR58zuQmohpump,nothing,1787981509,True,396130.12,1800,False,True,,Pump.fun,,1.0,3455,True,2,0.0,30.618975229,30.618975229,541963340.108031,0.541963340108031,10.0,27617.0,27617.0,False,0.0,False,0.0,False,0.0,27617.0,,0.0,0.0,1431.0,0.0,385.134999076,269.524369937,115.61062913899997,514.0,374.0,False,0.0,0.0,354.516023847,0.779109037617189,263.0,591.017369366,472.659616263,118.35775310300005,908.0,569.0,False,0.0,0.0,560.398394137,0.7983938407382715,246.0,173.0,44.632273881990145,1040.0,15.031019248074585,9.791343453210054,44.632273881990145,1040.0,4.558340139458353,13.68224991170834,44.632273881990145,1040.0,3.2620566186118904,18.798378952883304,44.632273881990145,1040.0,2.374261844271653,17.115793770469885,44.632273881990145,1040.0,2.607666023587806,1046.0,46.06513558454584,1.0
slingoor,FoH1L4hLoz16g1cfG79r4NcTAqP77y8jVoqAQa9gpump,Graped,1788142088,True,322457.7,1800,False,True,,Pump.fun,,,10,True,2,0.0,23.576774223,23.576774223,472160986.185473,0.47216098618547303,8.0,10000.0,10000.0,False,0.0,False,0.0,False,0.0,10000.0,,0.0,0.0,,0.0,90.632812139,0.0,90.632812139,10.0,9.0,False,0.0,0.0,67.056037916,1.0,9.0,90.632812139,0.0,90.632812139,10.0,9.0,False,0.0,0.0,67.056037916,1.0,9.0,1.0,2.2171665749834584,0.0,2.2171665749834584,2.2171665749834584,,,,2.2171665749834584,,,,2.2171665749834584,,,,2.2171665749834584,,,,0.0,2.2171665749834584,
slingoor,H6m6dCW4sUJgRo2huYriGTPN5RviN4EGKMBJyuQWpump,donotbuy,1788156355,False,36040.621,1800,False,True,,Pump.fun,,,339,True,1,0.0,16.297987575,16.297987575,377695999.980531,0.377695999980531,0.0,27270.0,14752.0,True,1.0,True,1.0,True,1.0,14752.0,12.0,1.0,44.050006394,,1.0,123.402681024,114.71964109800001,8.683039925999992,142.0,128.0,False,0.0,0.0,107.10469344900001,0.6452203782475003,75.0,129.62483333000003,127.25988215400001,2.3649511760000195,178.0,151.0,False,0.0,0.0,113.32684575500002,0.6792514124953395,39.0,17.0,2.6271032094592526,0.0,0.7042470525123584,1.0979118449212597,1.190094216137897,70.0,1.0839615417604391,1.1429795448283206,1.190094216137897,70.0,1.0412209225639755,1.158807300112362,0.9811570622928636,120.0,0.8466956172935114,0.8194270912339127,0.7603092378374863,400.0,0.9278546510984823,2.0,5.834415799630563,
slingoor,5nWUnnjiBXgJsJQzAiUh9tWA5UF3y6rdLoZuH7Ahpump,link,1788367177,False,76462.682,1800,False,True,,Pump.fun,,0.0,1394,True,2,0.0,24.550949945,24.550949945,482891155.480965,0.482891155480965,13.0,10000.0,7000.0,True,1.0,True,1.0,True,1.0,7000.0,5.0,1.0,74.386994842,,0.0,274.91285182400003,244.88203853299999,30.030813291000044,285.0,244.0,False,0.0,0.0,250.361901879,0.5448180847898786,123.0,320.142871512,282.57327305,37.56959846199999,406.0,336.0,False,0.0,0.0,295.59192156700004,0.43006410125571215,131.0,88.0,5.592589553767096,480.0,1.3957464986311205,1.8369700318569286,5.592589553767096,480.0,3.0444642301070877,1.3578253585523743,5.592589553767096,480.0,4.118784141525795,1.8165910068676003,5.592589553767096,480.0,3.0786178796572146,3.0664169157967325,5.592589553767096,480.0,1.8238190393996052,4.0,13.453877054091429,0.0
slingoor,95d298kQc47BWMReRp6QDZXEYiTunsTYgxDvzQwDakMc,MPN,1788985100,False,,1800,False,True,,,,,0,False,0,,,,,,,,,,,,,,,,,,,,,,,,,,,,,,,,,,,,,,,,,,,,,,,,,,,,,,,,,,,,,,,,,
slingoor,4KSuDdkgbpAHqF9wAknwibRsLeGq2NR6kJdw6VVkpump,SEXY,1788992959,False,94110.744,1800,False,True,XsDoVfqeBukxuZHWhdvWHBhgEHjGNst4MLodqsJHzoB,Pump.fun,,29.0,1615,True,2,0.0,48.182708101665824,13.28052756,571405849.916556,0.571405849916556,0.0,11000.0,11000.0,False,0.0,False,0.0,False,0.0,11000.0,,0.0,0.0,,2.0,316.613417373488,186.51242413764234,130.10099323584566,315.0,249.0,False,0.0,0.0,268.43070927182225,0.8128683336625417,169.0,512.2063822205353,421.7029312519022,90.50345096863305,763.0,499.0,False,0.0,0.0,464.0236741188695,0.8880272042086353,123.0,84.0,9.497764749278677,50.0,3.9562350877414967,5.9427060663367355,9.497764749278677,50.0,1.5982221976415851,9.497764749278677,9.415708637279343,80.0,0.9913604817380252,6.5727366988455795,7.784204053661507,140.0,1.1843170372287555,5.3859620709814005,7.0215320527021925,380.0,1.30367276266815,1362.0,490.26818357907126,29.0
slingoor,7y3s7qAKsrJg6CbdUhsSoRSHTNbzRYPcLWomzNJ2bgtu,MPN,1789003450,False,,1800,False,True,,,,,0,False,0,,,,,,,,,,,,,,,,,,,,,,,,,,,,,,,,,,,,,,,,,,,,,,,,,,,,,,,,,,,,,,,,,
slingoor,7227Y8QofFXYXgzY7DkZYMbxEyY9BRCkugbPsco5qK7W,MPN,1789053174,False,,1800,False,True,,,,,0,False,0,,,,,,,,,,,,,,,,,,,,,,,,,,,,,,,,,,,,,,,,,,,,,,,,,,,,,,,,,,,,,,,,,
slingoor,B48jHB1N2JCKs2NTUv9k66PXuT1sgepdkBudKQCHrEGo,ETH,1789069940,True,180510.52,3,False,True,GRNDYDpqwpCm6jVxpbh4xT5AM4r3p391qYsKTHqgaET2,stonkfun,3.0,,32,True,2,0.0,48.08046314214344,311.851412,639338030.413581,0.6393380304135811,1.0,35000.0,35000.0,,,,,,,35000.0,,,,,0.0,,,,,,,,,,,,,,,,,,,,,,,1.0,2.3424859163884935,0.0,2.3424859163884935,,,,,,,,,,,,,,,,,,,3.0
slingoor,4qNxne8F87cLVfMgNdz2o8BNGddPPezJvrTCDMtVHZb4,GRND,1789070948,False,83440.86,3,False,True,7vfCXTUXx5WJV5JADk17DUJ4ksgau7utNKj4b963voxs,stonkfun,3.0,,30,True,2,0.0,43.25088139742321,1.75042829,613376278.694496,0.6133762786944961,0.0,35000.0,35000.0,,,,,,,35000.0,,,,,0.0,,,,,,,,,,,,,,,,,,,,,,,1.0,2.5161623615508777,0.0,2.5161623615508777,,,,,,,,,,,,,,,,,,,3.0
slingoor,7CEddicMeGxHMtPUFzkassyaJ7GTHGqDEsCyFk1kpD5N,MPN,1789085373,False,,1800,False,True,,,,,0,False,0,,,,,,,,,,,,,,,,,,,,,,,,,,,,,,,,,,,,,,,,,,,,,,,,,,,,,,,,,,,,,,,,,
slingoor,7g33DwmCCJZ2sEZFD9C3pCgF15PPSpmiABNBsQ4YTPrf,LMAO!,1789180109,False,98613.268,7,False,True,H74CYmXgMkYHYuSRsZt6RJb4NYp2u72Vw8BS5huApump,stonkfun,7.0,,183,True,2,0.0,1.0554346789660671,53300.899365,31947304.323304,0.031947304323304004,0.0,35000.0,35000.0,,,,,,,35000.0,,,,,0.0,,,,,,,,,,,,,,,,,,,,,,,1.0,6.543353026942846,0.0,6.543353026942846,,,,,,,,,,,,,,,,,,,7.0
slingoor,FQFHZWd8QTCMCxCdG4CZCaAcKpa3p6MnYeUgmtSh1T1H,USDC,1789182128,False,40608.549,1800,False,True,CB9dDufT3ZuQXqqSfa1c5kY935TEreyBw9XJXxHKpump,stonkfun,,,1178,True,2,0.0,9.89434444476552,221377.400865,250696386.008181,0.250696386008181,4.0,35000.0,35000.0,False,0.0,False,0.0,True,1.0,20817.5,155.0,1.0,25.983267631085624,,0.0,231.32142130125197,183.37251207424495,47.94890922700702,347.0,232.0,False,0.0,0.0,221.42707685648645,0.6491983293631595,110.0,335.78685936889485,321.15299750785675,14.633861861038099,595.0,359.0,False,0.0,0.0,325.5899947151028,0.6779320604445662,73.0,52.0,7.138866864471119,10.0,1.2522491114171308,4.938424395183112,6.0201318668014,70.0,1.2190389859310944,4.54626745040543,6.0201318668014,70.0,1.324192193370527,5.063272219419983,5.8042593173354184,120.0,1.146345498682336,1.5572689463704406,1.6318841516614793,440.0,1.0479141419116755,,,
slingoor,8JBu7E57tLgfiGEHv9xMvpPA32KsHEv4xeJdnuruM3Na,GREEN,1789228514,False,73434.24,1800,False,True,4vqind26DsicHecdGyrjYc4yhQN9HtyfzJ3d1ouppump,stonkfun,,,729,True,2,0.0,18.932752803237392,43337857.495126,222555956.399165,0.222555956399165,0.0,35000.0,35000.0,False,0.0,False,0.0,True,0.9999999999999999,4483.0,179.0,0.9999999999999999,11.638116226144911,,0.0,211.6812213839092,138.707599471011,72.97362191289818,265.0,188.0,False,0.0,0.0,192.74846858067184,0.6970526041853095,77.0,264.9280485958199,198.19556966880933,66.73247892701059,411.0,238.0,False,0.0,0.0,245.9952957925825,0.7613066068300698,50.0,40.0,3.672765895059234,90.0,1.0012889881850398,2.3623423659673946,3.672765895059234,90.0,1.5547136384506284,3.1389215241340227,3.672765895059234,90.0,1.1700725446051061,3.6490926928275216,3.48029892360858,120.0,0.9537436334377819,2.255151589018143,2.0729282247790706,310.0,0.9191968446261258,,,
slingoor,FhVLEhoYTQH2F8NnJ2gYRA7FidTGtKSRhgUqggBUFxEh,DAMN,1789230473,False,41757.197,1800,False,True,6zjLjqd483pWwrowtKdyhie8tqEvkWwRcrR4btkVpump,stonkfun,,,612,True,1,0.0,21.159865684831797,45270972.286581,248910191.046779,0.248910191046779,0.0,35000.0,35000.0,False,0.0,False,0.0,False,0.0,3010.0,658.0,0.9999999999999999,10.92099346981745,,0.0,175.35140089459938,130.37704706727362,44.97435382732576,172.0,121.0,False,0.0,0.0,154.19153520976758,0.8714887378672999,36.0,219.68512589699475,172.27192750656428,47.413198390430466,307.0,179.0,False,0.0,0.0,198.52526021216295,0.8815610291662095,42.0,44.0,2.795609287265135,90.0,0.9142370188404302,2.481709905664185,2.795609287265135,90.0,1.1264851225699326,1.940951632048963,2.795609287265135,90.0,1.4403291875511364,2.7629519279675834,2.4867631553256135,120.0,0.9000385168318389,2.108074551254202,2.0199854276753264,390.0,0.9582134685291529,,,
