dev,creator,token,symbol,create_ts,hit,ath_mc,n_tx_30m,n_buys_30m,n_sells_30m,n_wallets_30m,first_tx_ts,create_sig,dev_first_buy_s,dev_first_buy_sol,dev_first_buy_tokens,dev_supply_share,dev_same_slot_buyers,dev_fee_lamports_med,dev_first_sell_s,dev_sold_share_30m,member_first_buy_s,member_first_buyer,member_buyers_n,member_buy_sol_30m,member_first_sell_s,member_sell_sol_30m,kol_first_buy_s,kol_buyers_n,kol_buy_sol_30m,outside_first_buy_s,outside_buy_sol_5m,outside_buy_sol_30m,sol_in_1m,sol_in_5m,sol_in_15m,sol_in_30m,peak_ts_s,peak_price_sol,peak_mult_vs_dev,top10_wallets_share_30m,n_wallets_net_long_30m,x_truncated,x_window_last_s,x_pool_phase,x_curve_last_s,x_quote_mint,x_quote_per_sol_med,x_n_trade_tx_30m,x_n_noop_tx_30m,x_n_transfer_tx_30m,x_trader_ne_feepayer_n,x_dev_n_tx,x_dev_n_buys,x_dev_n_sells,x_dev_buy_sol_30m,x_dev_sell_sol_30m,x_member_buyers,x_member_sellers_n,x_book_ath_mc,x_book_holders,x_book_create_ts
0xkgc,BFmgjdgepMxNnEyndQZC68Db3ajPdD3V8is1bQbdj4h4,9gnhdGXniTMt6QHs5bCXvqkGMcz4XNEX2RZvbUaLpump,OG,1788315860,False,4507.9479,110,53,57,54,1788315860,remhp9Ppyh86drk3aQM5EXwXLkJyiuFk1UWnYjW7r5RxCEBSovo18Zy4XfVNhfkH4r8BXU6ayPYUt6YZzCo83jd,0,0.991515998,34271956.398008,0.034271956398007994,0,452500.0,211,1.0,,,0,0.0,,0.0,,,,0,10.616515621,10.616515621,9.598451568,11.608031618999998,11.608031618999998,11.608031618999998,2,4.465667571298484e-08,1.5435672707273846,1.0,1,False,516,False,516,,,110,0,0,0,2,1,1,0.991515998,1.169292556,,0,4507.9479,1,1788315860
0xkgc,BFmgjdgepMxNnEyndQZC68Db3ajPdD3V8is1bQbdj4h4,2WZa2thMBXQkMC7ZMFbJqb9JndDZxc7cKfu59tC1pump,tradoor,1788321053,False,4145.966,79,40,39,38,1788321053,43xPtpdkaeFf3BomggT9TjkxR3FCAiNC1oqHC1xv1yHQKDcgiSBJ8WikcsJAtpy9iTfzq4bUhDHXiLvkGPd4iSQq,0,0.991515998,34271956.398008,0.034271956398007994,0,452500.0,224,1.0,,,0,0.0,,0.0,,,,0,13.518494889000001,13.518494889000001,13.165054502000002,14.510010887,14.510010887,14.510010887,4,4.101207812098057e-08,1.4175909980162962,1.0,1,False,997,False,997,,,79,0,0,2,2,1,1,0.991515998,1.003179161,,0,4145.966,1,1788321053
0xkgc,BFmgjdgepMxNnEyndQZC68Db3ajPdD3V8is1bQbdj4h4,EjrGfQHLaFhewKtMu2fNN8YU39RqGCrSqnve92Vspump,1LEFT,1788322612,False,11622.297,937,523,414,340,1788322612,2MrJgmKxUKERrJ5hmHRRwkRLYBWhSD4x9USgpEJ6rY2iCWKR2d2LmGBtmoRGYgb1qvT2LWCPjHEnFXbqdH46PZXa,0,1.090462183,37577914.616381,0.037577914616381,3,452500.0,753,0.22338862440321985,,,0,0.0,,0.0,,,,0,11.366678380000002,150.62644985900002,7.295653246999999,12.457140563,144.21387777500001,151.716912042,777,1.1014105982478045e-07,3.7955202907328247,0.8142994432652211,44,False,1672,False,1672,,,937,0,0,138,2,1,1,1.090462183,0.789926856,,0,11622.297,8,1788322612
0xkgc,BFmgjdgepMxNnEyndQZC68Db3ajPdD3V8is1bQbdj4h4,3PmNVsEmAhgEGteXc1XMjir4kTaLwAcNNAqbBRBApump,missooor,1788326195,False,5535.6667,228,128,99,90,1788326195,4Rs8wV2ND1oEspUAeMZriCH39z1VZwehV1hPXeZZvp2HsL3GKv4pAcgrGeS46eMocSQ2yrXp2VzvSjTV779WEJwD,0,0.991515998,34271956.398008,0.034271956398007994,3,452500.0,1611,1.0,,,0,0.0,,0.0,,,,0,7.076073256,48.460747340999994,5.2072177779999995,8.067589254,42.732420424999994,49.452263339000005,490,5.520760676748434e-08,1.9082623939403087,1.0,7,False,1640,False,1640,,,227,1,0,30,2,1,1,0.991515998,1.016515403,,0,5535.6667,1,1788326195
0xkgc,BFmgjdgepMxNnEyndQZC68Db3ajPdD3V8is1bQbdj4h4,CpKtv1agjx3SyFtYGWm18rtj6WgDQCTUBEZZrpuzpump,madeitup,1788328565,False,7255.8779,378,213,165,147,1788328565,3PYsua8FFPVwdYNWVcBa1RcdiR13arMn9WXpSVqRkLpX5HsCPsztVN3wLLrCEL7CsFuJZd7fL8vLsbXFJ5JMTRha,0,0.991515998,34271956.398008,0.034271956398007994,0,505000.0,,0.0,,,0,0.0,,0.0,,,,0,10.141459755000001,77.94612821799998,10.304686738000001,11.132975753000002,65.276694924,78.937644216,627,7.055336604835801e-08,2.438691750631767,0.9428770609385625,28,False,1799,False,1799,,,378,0,0,54,1,1,0,0.991515998,0.0,,0,7255.8779,4,1788328565
0xkgc,BFmgjdgepMxNnEyndQZC68Db3ajPdD3V8is1bQbdj4h4,4SZumNgTUZRNVWHmWomCAoTtz7gQmXbP7aN8odo3pump,topbuyer,1788353339,False,7014.3448,507,294,216,210,1788353339,52S5rrtDRTiZMp5pBAnzWtgxQPeHF458KGdSpDQpN3PCQWpWypfP4HDB2KRFz5YEDg4HV5zqdosSVxvDnrdDtfD4,0,0.991515998,34271956.398008,0.034271956398007994,1,505000.0,,0.0,,,0,0.0,,0.0,,,,0,11.171839806,61.90729453043563,9.447745329,12.163355804,55.33031025943562,62.898810528435625,532,7.180901797544691e-08,2.4820936202769053,0.9229816361323225,32,False,1526,False,1526,,,507,0,0,70,1,1,0,0.991515998,0.0,,0,7014.3448,5,1788353339
0xkgc,BFmgjdgepMxNnEyndQZC68Db3ajPdD3V8is1bQbdj4h4,GqLLG7TtKi1o34yRwdPZB6otz8RjyY7cArB5Zqigpump,1minute,1788360463,False,6528.6817,305,155,150,125,1788360463,4J1A65P5b2upU6BqCTdHbBMkxUuRVb5svWnmmchpaB81kjY1B7McGYomKSUSyR97iik8D17MxzqCWvGXEHqGjcme,0,0.9893456000000002,34199203.154141,0.034199203154141,2,514120.0,802,1.0,,,0,0.0,,0.0,,,,0,11.180033376,59.416427091,7.064331156000001,12.169378975999999,60.405772691,60.405772691,495,6.572257512603217e-08,2.2718650576183568,1.0,3,False,1673,False,1673,,,305,0,0,41,2,1,1,0.9893456000000002,1.158529814,,0,6528.6817,1,1788360463
0xkgc,BFmgjdgepMxNnEyndQZC68Db3ajPdD3V8is1bQbdj4h4,Gwu8vQ3UVFtJ2xneD2G59Z9nEY46GTAUouCLQSRkpump,1trump,1788361884,False,24118.654,1947,1118,840,611,1788361884,MKRt89BDopXgzdeubBNkL73E86kPd83RHLqwkhrtvzPekgoov7rqqqryMG8TPSzp8DXYxPityUYC1jUbGt5TJta,0,0.9893456000000002,34199203.154141,0.034199203154141,1,400000.0,738,1.0,852,trenchdigger,1,0.98765432,857,1.049357117,,,,0,16.123330835999997,277.29920168880903,9.991798068,17.112676435999997,168.21371776799998,279.3255843238091,932,2.4380384160329594e-07,8.427689079277384,0.7868276358824614,117,False,1797,False,1797,,,1947,0,0,387,6,2,4,1.0387283150000002,3.913328742,trenchdigger,1,24118.654,24,1788361884
0xkgc,BFmgjdgepMxNnEyndQZC68Db3ajPdD3V8is1bQbdj4h4,Cv7k5XTMPcPAVbfC6dAJ6CneUK2oDiM6ukQzvCzfpump,few,1788366696,False,28155.338,2110,1171,917,675,1788366696,Xezu7oEHZEgpeN5PxJiNZVdUjRF2ZQyXaouJDRSZpVRSc8T5YX5665j932h5uNgc4kkyiAvwRwDRSTT4Wi1QGJa,0,0.9893456000000002,34199203.154141,0.034199203154141,1,400000.0,763,1.0,,,0,0.0,,0.0,,,,0,9.266018353,367.1534974807159,5.949709179,10.255363953,278.70308003499997,368.14284308071586,762,2.1981359166625222e-07,7.598406135768486,0.6900951317205499,101,False,1775,False,1775,,,2083,27,0,305,3,1,2,0.9893456000000002,2.9300578440000002,,0,28155.338,37,1788366696
0xkgc,BFmgjdgepMxNnEyndQZC68Db3ajPdD3V8is1bQbdj4h4,F94t7Ux1Q2CmCE7odGGdtjF1bFX9YVZsYEYEYiwPpump,SOLMOG,1788369204,False,12313.203,1259,649,570,423,1788369204,4DGwBif8DJmCB7HER1mDGvPvvQCz2qWuPbg71TkngQ9VESYWPoHy777xyNvcpmjt514SB3mRZzp1rxAPgcNg5Z1W,0,0.991515998,34271956.398008,0.034271956398007994,2,505000.0,,0.0,,,0,0.0,,0.0,,,,0,16.236749987,189.57775416464298,11.346560103,17.228265985,184.821257374,190.56927016264297,573,1.2323408180070277e-07,4.259611631825869,0.8148169247296448,43,False,1792,False,1792,,,1217,42,0,184,1,1,0,0.991515998,0.0,,0,12313.203,6,1788369204
0xkgc,BFmgjdgepMxNnEyndQZC68Db3ajPdD3V8is1bQbdj4h4,Hf8msFKLGJu6wUc4NsNFHafmh4K8LFW2qy8ZmT4vpump,ducknana,1788374662,False,45690.58,6741,2757,1953,1396,1788374662,5uvZ4uht3wUwB5TLbWUNdBBXcWG6P5jSkT2Q1DajarVQdzieNaoyc21xa6nxfG9rgGTBcydoZ69XU2wLGnNEaw3b,0,0.991515998,34271956.398008,0.034271956398007994,1,400000.0,777,0.43749999999998546,,,0,0.0,,0.0,,,,0,16.74871579,832.323445871,15.918200243,17.740231788000003,221.82317708099998,833.314961869,1439,4.4746122394170243e-07,15.466590138396654,0.41545377233102304,342,False,1799,True,1227,,,4686,2055,0,830,3,1,2,0.991515998,2.5068995320000003,,0,45690.58,71,1788374662
0xkgc,BFmgjdgepMxNnEyndQZC68Db3ajPdD3V8is1bQbdj4h4,9Zn8zYFL4akm7qKoFhy7L2pDWJtXP1DFroxjDWw9pump,SOLONLY,1788379856,False,5179.2998,326,161,137,116,1788379856,5UNsJ5VuuTdiXJei8uJn4svCTnfysJvFxygahcZZoWZfWWaxKQVxF6U7qxC28tAhqSKuNgyC41c4b5T7mTdZ3eiv,0,0.991515998,34271956.398008,0.034271956398007994,1,505000.0,,0.0,,,0,0.0,,0.0,,,,0,31.035941966999996,55.849067008,21.034532981999998,32.027457964999996,52.378668261,56.840583005999996,437,5.196153259569678e-08,1.7960611660180104,0.996460391651227,12,False,1546,False,1546,,,298,28,0,18,1,1,0,0.991515998,0.0,,0,5179.2998,1,1788379856
0xkgc,BFmgjdgepMxNnEyndQZC68Db3ajPdD3V8is1bQbdj4h4,9Wg4RthCXwqac5mrzCMbdGMNoPhSHzSMF6k6EkLdpump,happyegg,1788381855,False,9662.858,761,427,339,292,1788381855,3GiYt2np69ZnWAoWqvFCzXqpe2LF9HW2sPP812zsUAc5DXn5hDTTXS6LGeqqsDGfndjUutNQE1PDVmPoJ5egVJd8,0,0.991515998,34271956.398008,0.034271956398007994,5,452500.0,873,1.0,,,0,0.0,,0.0,,,,0,19.584914269,97.04642059048336,14.325738620999998,20.576430267000003,97.932819111,98.03793658848336,507,9.625421684266167e-08,3.327046996125329,0.8816015253465291,36,False,1462,False,1462,,,761,0,0,111,2,1,1,0.991515998,1.30856954,,0,9662.858,9,1788381855
0xkgc,BFmgjdgepMxNnEyndQZC68Db3ajPdD3V8is1bQbdj4h4,J34mGmmwY2rLCaJ2qgwBcq1cmyRL3H7nXZn97Cnfpump,ETH,1788394022,False,9097.2734,653,368,289,250,1788394022,2U5fWXoUeYeSJE67YKGSkGGHD4Qnxu2HMdeTMVk6gN6VuzCAjsFiDrqU2Enn1nqAFR8NLs5WtavRM9rhXtu65noV,0,0.991515998,34271956.398008,0.034271956398007994,1,452500.0,685,1.0,,,0,0.0,,0.0,,,,0,25.216460652,97.69716494386067,18.914715436999998,26.20797665,98.68868094186067,98.68868094186067,481,9.083515222250646e-08,3.1397359020486126,0.9334328163848064,22,False,1672,False,1672,,,653,0,0,82,2,1,1,0.991515998,1.21917645,,0,9097.2734,7,1788394022
0xkgc,BFmgjdgepMxNnEyndQZC68Db3ajPdD3V8is1bQbdj4h4,HDQ39qQB451uMK8A9of8PniDf9E9YEH9hKT81qQ9pump,swingdog,1788405961,False,9825.7376,657,354,306,263,1788405961,25gJuA1HbndFM8cAXAhH52G49aGYL3MrCsyePA3MCfegAn7RWCm54GGzRxgYufYWmGc4h8dp2X95siJ9mjyCpQQ7,0,0.991515998,34271956.398008,0.034271956398007994,2,452500.0,703,1.0,,,0,0.0,,0.0,,,,0,15.521340580000002,92.59661718758899,12.494609058000002,16.512856578,93.588081715,93.58813318558899,389,9.682536425303025e-08,3.3467888249858526,0.9341857710779214,24,False,1750,False,1750,,,657,0,0,111,2,1,1,0.991515998,1.150656076,,0,9825.7376,7,1788405961
0xkgc,BFmgjdgepMxNnEyndQZC68Db3ajPdD3V8is1bQbdj4h4,EKNxuomLtWF26fQNRaZoPhftFpRQm5rvQw4BMSZepump,biip,1788411548,False,8001.169,254,132,121,116,1788411548,4gXaQoWfF6d3Q22dDAmSEERMSWLsRewcEGjmvvbX6vU6KsGigJWmUqwWqtjCWwQidzSryjD2r2sQvPJCR44LhYCR,0,0.991515998,34271956.398008,0.034271956398007994,2,505000.0,,0.0,,,0,0.0,,0.0,,,,0,11.947330802000002,56.198062026,6.593146327000001,12.9388468,51.218662140999996,57.189578024,685,6.741231801381634e-08,2.330120772956164,0.9950757830968516,14,False,1578,False,1578,,,253,1,0,29,1,1,0,0.991515998,0.0,,0,8001.169,5,1788411548
0xkgc,BFmgjdgepMxNnEyndQZC68Db3ajPdD3V8is1bQbdj4h4,25h1Swr5gZADbxCjg5gjLjHYm484vuEkY255JntHpump,BOT,1788415236,False,4672.9306,127,67,60,59,1788415236,51okKCcz3jQSMiDTw5srRdkfWYvYKKHHtzfjd3LdPEBQvJtdtAwcSewirr5ShXcGQQD46zu4JxyM7m3iH4mjHNtf,0,0.9891912800000001,34194029.850746,0.034194029850745995,3,502500.0,36,1.0,,,0,0.0,,0.0,,,,0,14.089297501000003,14.188501669,12.580494567,15.078488781,15.176516617,15.177692949,2,4.603160987282047e-08,1.5912051328122476,1.0,4,False,1279,False,1279,,,127,0,0,2,2,1,1,0.9891912800000001,1.478867509,,0,4672.9306,1,1788415236
0xkgc,BFmgjdgepMxNnEyndQZC68Db3ajPdD3V8is1bQbdj4h4,5eSi91KW2N3qFncTCK61ALt2CN5e33RfLxD29hAapump,initials,1788418249,False,10465.124,685,387,300,264,1788418249,5rW9JimSnn8YGrZJieJUvnZpd77dMo2phVNZq3UgErfd4s3uXF37pYxXYiR9wSKYJQoAGgjxMxDLo1dNHLvtrcBc,0,0.9893456000000002,34199203.154141,0.034199203154141,3,1000000.0,,0.0,,,0,0.0,,0.0,,,,0,26.502855773,122.33537124683387,19.058585410000003,27.492201373,70.590025305,123.52224770883387,1257,9.724984675419079e-08,3.361683991777646,0.719262385601325,65,False,1777,False,1777,,,685,0,0,119,3,3,0,1.186876462,0.0,,0,10465.124,9,1788418249
0xkgc,BFmgjdgepMxNnEyndQZC68Db3ajPdD3V8is1bQbdj4h4,7Hdf2LBU9kY6VvEENPozeJu6MsrsPxDuMqJxqgycpump,GOAT,1788425227,False,4916.1886,163,81,82,74,1788425227,wqDor7KFczDtjxg9kZRWSkeBCiksYjUUrYPPPkyz63g9z4ABTHaxXwnFzrfyZQKfrV9dNzjdLzvZL1fSaCDe3jG,0,0.991515998,34271956.398008,0.034271956398007994,1,452500.0,1298,1.0,,,0,0.0,,0.0,,,,0,23.584222664,33.017813234,15.888671807000001,24.575738662,33.960406391,34.009329232,78,4.814024716720526e-08,1.663977641542589,1.0,5,False,1332,False,1332,,,163,0,0,8,2,1,1,0.991515998,1.049555021,,0,4916.1886,1,1788425227
0xkgc,BFmgjdgepMxNnEyndQZC68Db3ajPdD3V8is1bQbdj4h4,CbyTNf7UPzvewHh4Zp6umogM2RWahhmGRJWLJnPwpump,biketyson,1788433686,True,11487988.76212928,2989,1721,1274,917,1788433686,WQK8cLUgDzSHKfGbdDMGoDDs2Tfn1CsKtUz5mob86t493yh6AtKRp3sQ9Vx2U7sm1HeWXeN5PK9V6diT18UdrBt,0,0.991515998,34271956.398008,0.034271956398007994,2,400000.0,428,0.7187499999999952,,,0,0.0,,0.0,,,,0,17.146089169,508.80795654935696,13.71289143,19.224024917999998,366.13675940100006,510.8858922983569,724,2.942266546356347e-07,10.170005425171395,0.37574590278227726,283,False,1799,False,1799,,,2989,0,0,580,6,3,3,2.077935749,6.215133423,,0,11487988.76212928,10787,1788433686
0xkgc,BFmgjdgepMxNnEyndQZC68Db3ajPdD3V8is1bQbdj4h4,RkoMaXdfMWrE2ehSoS69XgHrYVoMvnbnQSj3jaRpump,GAPE,1788447057,False,5013.5167,176,52,56,50,1788447057,55LmhRwnjL334wk2QqXkyZhH6CQ9c1FFEpVxwFq9faLXZfxioN9znhSeswLCL9Pnqak5nhTuiJhyDerQUgu1x1jm,0,0.991515998,34271956.398008,0.034271956398007994,4,752500.0,343,1.0,,,0,0.0,,0.0,,,,0,19.639287368,19.639287368,17.243293324,20.630803366000002,20.630803366000002,20.630803366000002,141,4.838834791210869e-08,1.6725532953180149,,0,False,352,False,352,,,108,68,0,1,2,1,1,0.991515998,1.013989891,,0,5013.5167,1,1788447057
0xkgc,BFmgjdgepMxNnEyndQZC68Db3ajPdD3V8is1bQbdj4h4,AHTMvBvrFsJc4AYQoP5HUSdgvEY22s7VXFttjfWTpump,oversold,1788449085,False,9295.1406,542,270,237,201,1788449085,27GjS7wvV4yp2XHiwKg8atS3WGqMKtSP514ifJXZrA8YAk6TxkTfM8cNoN2BtAjG6T5KBdub4pv9j7EeeyGgkkqG,0,0.991515998,34271956.398008,0.034271956398007994,3,452500.0,784,1.0,,,0,0.0,,0.0,,,,0,21.446052068999997,78.93185640300001,19.114603269,22.437568067,76.578802793,79.923372401,505,8.796207931548465e-08,3.0404275403112666,0.9729102792124573,21,False,1765,False,1765,,,507,35,0,72,2,1,1,0.991515998,1.31279846,,0,9295.1406,8,1788449085
0xkgc,BFmgjdgepMxNnEyndQZC68Db3ajPdD3V8is1bQbdj4h4,A2ZJnKfzNxPVUbEj72eM6XiTqoA66zueYdYPLcsepump,IBRN,1788452668,False,8972.8922,703,360,289,252,1788452668,5gR3E4BGiQ4PXxjEZvYY7w7CgDc3m9d3pJt7eY9PYdx6YoxZMrYLQK2oH4gX8Jmzy7JPT4ewg9hH1rcp3dB9zaWj,0,0.991515998,34271956.398008,0.034271956398007994,4,505000.0,,0.0,,,0,0.0,,0.0,,,,0,29.626891098,95.71098432599999,21.363382836000003,30.618407096000002,92.228541283,96.702500324,515,8.605361841186546e-08,2.974461192811002,0.9488964887891262,23,False,1776,False,1776,,,649,54,0,96,1,1,0,0.991515998,0.0,,0,8972.8922,4,1788452668
0xkgc,BFmgjdgepMxNnEyndQZC68Db3ajPdD3V8is1bQbdj4h4,C4pwctCk7V6gBSUz4dypYezDEgSzbBmrTmpUMBPYpump,Catiban,1788467124,False,5745.503,195,72,68,58,1788467124,128EjfQyjcCM3ZbDYJ7wm3DUxnngViAWvZvjfUan67tzd42WUsPF4w9D3DbkVejQdLVAQSAkKGkwLjiPojKftQaz,0,0.991515998,34271956.398008,0.034271956398007994,3,752500.0,915,1.0,,,0,0.0,,0.0,,,,0,26.840718012000004,28.165868109,17.170719325999997,27.83223401,29.157384107,29.157384107,297,5.3824226425341405e-08,1.8604455651010186,1.0,3,False,1224,False,1224,,,140,55,0,4,2,1,1,0.991515998,1.040802794,,0,5745.503,2,1788467124
0xkgc,BFmgjdgepMxNnEyndQZC68Db3ajPdD3V8is1bQbdj4h4,67SCuFsyYgVUpGx4XWjPRZRbAhzMxF8kSxr1WxtNfUn3,MAC,1788642021,False,5885.6358,12,2,0,2,1788642021,,0,0.00016748236236916836,47409691.640514,0.047409691640514,1,35000.0,,0.0,,,0,0.0,,0.0,,,,0,0.0033599986376308317,0.0033599986376308317,0.003527481,0.003527481,0.003527481,0.003527481,,,,1.0,2,False,125,False,125,,,1,0,11,1,1,1,0,0.00016748236236916836,0.0,,0,5885.6358,4,1788642021
0xkgc,BFmgjdgepMxNnEyndQZC68Db3ajPdD3V8is1bQbdj4h4,DRXBmT2SZri7L7XsJ8Udz7oUhfNyjowhJPfavA8fLijP,ZUPERCYCLE,1788715028,False,22130.015,482,2,0,2,1788715028,,0,0.00020496165156668714,58000025.580787,0.058000025580787005,1,20086.0,,0.0,,,0,0.0,,0.0,,,,0,0.0033225193484333125,0.0033225193484333125,0.003527481,0.003527481,0.003527481,0.003527481,,,,1.0,2,False,1759,False,1759,,,1,0,481,1,2,1,0,0.00020496165156668714,0.0,,0,22130.015,7,1788715028
0xkgc,BFmgjdgepMxNnEyndQZC68Db3ajPdD3V8is1bQbdj4h4,AjToeC9PjBK7NnHG8xFz3bwu3UZLQC37LfyPjUDRpump,MelonMusk,1788722970,True,165714.22825207206,4855,2922,1908,1422,1788722970,j2cp5f4jtjf155m1GRLtCvKU3QXGXK3G5wWthTrJ31SwpFdKLdjYb9UR9L8FJWaDn4PzhRTYc9UopruuJ9c3PPs,0,1.980528808,66401601.740007,0.066401601740007,1,452500.0,528,0.1558757644962784,,,0,0.0,,0.0,,,,0,176.27561168300002,690.025538585,25.443369400999998,178.256140491,513.646365552,692.0060673930001,1782,4.090349906090655e-07,13.713801301167779,0.30138240369709407,581,False,1800,False,1800,,,4823,32,0,786,2,1,1,1.980528808,3.461087181,,0,165714.22825207206,621,1788722970
0xkgc,BFmgjdgepMxNnEyndQZC68Db3ajPdD3V8is1bQbdj4h4,7YkVB7wohCf51NFWMWY2h6FHpJsYa8VZVDvAczx8pump,thewok,1788749173,True,118964.47,556,267,196,197,1788749173,stVoFUdUqa8Nj9huAw6ZiDjA8kmqScg4MDUxzrg1efeuptuZdBLo1AEXXsUaBr9QpHdipHMUcj4Edh5akZKd4om,0,0.991363637,34271956.398008,0.034271956398007994,2,505000.0,,0.0,,,0,0.0,,0.0,,,,0,26.221550073000003,105.224912369,19.773398025000002,27.21291371,47.731933737,106.216276006,1008,1.0582437705149668e-07,3.6584037388444703,0.6781800337149148,61,False,1735,True,1735,,,463,93,0,38,1,1,0,0.991363637,0.0,,0,118964.47,277,1788749173
0xkgc,BFmgjdgepMxNnEyndQZC68Db3ajPdD3V8is1bQbdj4h4,DxPYLrg7skfnfcYyD5piD6R53FFMmCLHrL2b6GzTv7nL,BABYLMAO,1788763712,False,15390.455,43,2,0,2,1788763712,,0,0.00031964636706970686,90362795.20054,0.09036279520054001,1,17852.5,,0.0,,,0,0.0,,0.0,,,,0,0.0032078346329302925,0.0032078346329302925,0.0035274809999999994,0.0035274809999999994,0.0035274809999999994,0.0035274809999999994,,,,1.0,2,False,1754,False,1754,,,1,0,42,1,2,1,0,0.00031964636706970686,0.0,,0,15390.455,5,1788763712
0xkgc,BFmgjdgepMxNnEyndQZC68Db3ajPdD3V8is1bQbdj4h4,AFNHhHDorwwitTFyVCWYgWDDJD5FE2dkrQYjdswqpump,Hunter,1788801442,True,137418.74,4762,2459,1710,1495,1788801442,ehYDspnWtx7auH6an77S3nzS61kooRkAMDHsZnVxWSmdS3fs6nt2xMBJjz1kujyRDR32YoXVx8f4mfgJHxPzK2P,0,1.980528808,66401601.740007,0.066401601740007,0,452500.0,1146,0.14458085623583317,79,0xPromiser,1,0.009876542,,0.0,,,,1,59.94198611200001,700.8798374983002,43.75412362000001,61.93239146200001,226.042942624,702.8702428483002,1249,5.289369583906756e-07,17.73377954148309,0.2869428201115193,585,False,1800,True,1125,,,4154,608,0,992,2,1,1,1.980528808,3.8102947270000005,0xPromiser,0,137418.74,467,1788801442
0xkgc,BFmgjdgepMxNnEyndQZC68Db3ajPdD3V8is1bQbdj4h4,8K3XJQPz5rcu5qd4LLLeFrF6koccQnMMYoqtWm7Cpump,duve,1788886065,False,21700.739,2408,1327,996,816,1788886065,euX4PTPsVcBPqA3SZWTfhqd2bJB3GfHYn5eYBcG3TSQq9g8ixqYsnGsb7Ch3YtaW2eRsC5eLvWkugYY2vSaBdTN,0,0.991363637,34271956.398008,0.034271956398007994,6,452500.0,387,0.25,769,0xPromiser,1,0.888888888,,0.0,,,,0,115.353205997,371.064551204,64.31478154999999,116.34456963400001,281.259966293,372.944803729,902,2.068197520679588e-07,7.149866366462167,0.417016685619355,188,False,1793,False,1793,,,2320,88,0,353,2,1,1,0.991363637,1.038553261,0xPromiser,0,21700.739,21,1788886065
0xkgc,BFmgjdgepMxNnEyndQZC68Db3ajPdD3V8is1bQbdj4h4,CcC2KDMH7jCJuXTrwrCbAtuVjXVuY7Thv6t67vCtHms4,AAPLTOP,1788953932,False,20644.702,848,2,0,2,1788953932,,0,0.0003205627787665624,90621135.164499,0.090621135164499,1,3370.0,,0.0,,,0,0.0,,0.0,,,,0,0.0032069182212334374,0.0032069182212334374,0.003527481,0.003527481,0.003527481,0.003527481,,,,1.0,2,False,1798,False,1798,,,1,0,847,1,3,1,0,0.0003205627787665624,0.0,,0,20644.702,18,1788953932
0xkgc,BFmgjdgepMxNnEyndQZC68Db3ajPdD3V8is1bQbdj4h4,3CwVrRx5kvvBNBKf8vMPxSzCFAdZ1DpHdcJyjiUUbwmD,Keanu,1788981760,False,20521.138,1808,1021,731,694,1788981760,55p5ydAzuUQb7KVccYQ6hvET86e3xfHdth7x4e4hTmKMfHT3BNEEpYRCP5p7CzS5HYtEvbNBZHbwuwhNMpRS8RZ3,0,1.778439216,60000000.0,0.06,6,42173.5,,0.0,,,0,0.0,,0.0,,,,0,77.90234699300001,267.5600022402607,48.52175062199999,79.680786209,227.2475005632607,269.83214935726073,391,1.9823679128654972e-07,6.688003374073699,0.5210018649567835,205,False,1800,False,1800,,,1750,58,0,289,4,2,0,2.272147117,0.0,,0,20521.138,23,1788981760
0xkgc,BFmgjdgepMxNnEyndQZC68Db3ajPdD3V8is1bQbdj4h4,6Ctcp1SNZJbZ72Venhh2fvLgKZhm6rdEfkqX5Jyfpump,fries,1788985349,False,20223.372,1607,1010,599,796,1788985349,2NMDoZMvfTG2iuTJ9yXsovyMTtwf2Py11Wj8hdrAAaH2tZyd34nrZjvsgVkhZC4AQeVQC7YHpiijt1GZvP22YMS5,0,1.959638437768303,47735221.598739,0.047735221598739,0,306781.0,,0.0,335,0xPromiser,2,3.6356900142743944,436,7.256108073250626,,,,3,38.55736871371417,344.7133387206922,9.282251239852053,40.51700715148247,188.64529979677764,350.5012631804518,1198,3.5180361402725116e-07,8.569654050036368,0.35155911145636426,356,False,1795,False,1795,XsqE9cRRpzxcGKDXj1BJ7Xmg4GRhZoyY1KpmGSxAWT2,0.3938026,1605,2,0,186,4,2,0,2.152234445485248,0.0,"0xPromiser,retardmode",2,20223.372,51,1788985349
0xkgc,BFmgjdgepMxNnEyndQZC68Db3ajPdD3V8is1bQbdj4h4,Hm9iKMcKg5gvYqh6KX6vAMQDXaYpC3ddM37f3PmNpump,CRIME,1788989188,False,31671.915,2687,1568,1129,1078,1788989188,5VHGjyUUcnK9ycEUR7MghDmHXiSmZ1NVAQm3wVhbJzM196nycheBFhQ3aCbkp4tnD4eRUbE8avaFpRY3XscAhdu3,0,2.03857409678062,48835165.692591,0.048835165692591,0,605000.0,555,0.4611836212380439,169,slingoor,3,18.738685069858665,189,37.65482639189748,,,,1,170.2227753134081,632.2618646237412,8.621132774136125,187.05789324021066,468.8963792427439,653.0391237903805,705,5.229556161040488e-07,12.52768991946068,0.3027525550657833,311,False,1792,False,1792,pumpCmXqMfrsAkQ5r49WcJnRayYRqmXz6ae8H7H9Dfn,23783.238928470728,2687,0,0,214,3,1,2,2.03857409678062,3.7381713308546014,"0xPromiser,slingoor,stellanyang",2,31671.915,76,1788989188
0xkgc,BFmgjdgepMxNnEyndQZC68Db3ajPdD3V8is1bQbdj4h4,G8AQQmp5mw64fifguQog1PtZTZAimFbEzV5jnBUcpump,fleaman,1789026798,False,23452.25321585266,1563,878,652,563,1789026798,3FKPA9grj3zENWH4cBQfKaCm4SgaxdzeHqNz9VCvmG2DxNdssm1qkKj6uLd6nTDwftAEhanv2SzZDQVDDKUrRbvJ,0,1.486085622,50591814.205825,0.050591814205825,0,505000.0,,0.0,,,0,0.0,,0.0,,,,0,152.149238856,270.608743218,95.610620323,153.635324478,222.269715859,272.09482884,117,1.253201932983998e-07,4.266359785553943,0.5109590838904735,127,False,1799,False,1799,,,1530,33,0,147,1,1,0,1.486085622,0.0,,0,23452.25321585266,119,1789026798
0xkgc,BFmgjdgepMxNnEyndQZC68Db3ajPdD3V8is1bQbdj4h4,7imwjjaxT1TjUqJrFgYiAqUpAjeSu6CNPkPpwtXhpump,dump,1789051790,False,11806.197,869,524,345,320,1789051790,2dhn7eLLo7f6TUvE21KeT2jj38PnwzkpAyjfZjisUC1h3YQSoSeaaFVgDpNXyCZ6ZRLAxgwkTAZpBkRtHWmzDBLg,0,1.4552585137727019,35878043.518627,0.035878043518627,0,605000.0,,0.0,,,0,0.0,,0.0,,,,3,49.58479874329966,129.30004791309923,23.159572735386405,51.04005725707236,105.24325158427,130.75530642687193,838,1.1826688213567704e-07,2.915759848795427,0.6272730957817635,80,False,1788,False,1788,7vfCXTUXx5WJV5JADk17DUJ4ksgau7utNKj4b963voxs,0.04097033333333334,869,0,0,108,1,1,0,1.4552585137727019,0.0,,0,11806.197,6,1789051790
0xkgc,BFmgjdgepMxNnEyndQZC68Db3ajPdD3V8is1bQbdj4h4,C2EUBnXxVdADXkGLh6bF46heZxohGYpMv2gPXZf4pump,CUM,1789069548,False,15939.557,1976,1077,812,698,1789069548,53zFTcx3JhuzM3xDhUCFbcguhngekB1gf45p51UK1hnmPWeuMXFjVo4wT5B3JjKPyd27MgsyRi932GPuGo3V4XQg,0,1.980585805,66401601.740007,0.066401601740007,11,400000.0,278,0.23669511976412402,,,0,0.0,,0.0,,,,0,134.101613219,254.49543877600001,57.940243053,136.082199024,189.21003564199998,257.068617171,277,1.599233186690257e-07,5.361628104368279,0.49290817346202803,148,False,1777,False,1777,,,1885,91,0,337,5,4,1,2.573178395,2.739096988,,0,15939.557,37,1789069548
0xkgc,BFmgjdgepMxNnEyndQZC68Db3ajPdD3V8is1bQbdj4h4,25xAvip3XmRC42aboownYpUifFRgceDDpHzXpBFRpump,ats,1789075257,False,16650.298,1754,933,734,587,1789075257,Q7hCjqc7SjvwwPfkY9xfu4WPmS5UMTgmKdZuXn63AzD4dQMnUkwv4WNH2CmvqDoFMJ3oRZHwMjsDC31zj7Gidq2,0,1.980585805,66401601.740007,0.066401601740007,13,252500.0,,0.0,48,0xPromiser,2,19.950617281,322,28.00564871,,,,0,63.380291658000004,300.047983048,54.843225769,65.558408326,280.936331274,321.97918613400003,317,1.5688157228958317e-07,5.259649774940713,0.6119162921294089,114,False,1793,False,1793,,,1667,87,0,149,2,1,0,1.980585805,0.0,"0xPromiser,slingoor",1,16650.298,10,1789075257
0xkgc,BFmgjdgepMxNnEyndQZC68Db3ajPdD3V8is1bQbdj4h4,2bRoY87nsBq84TTKJKFD5gYxVLPhrTPKK9MaheSLCCLg,UNC,1789103359,True,172788.69,1324,2,0,2,1789103359,,0,0.00032056274066275876,90621124.422977,0.090621124422977,1,20429.0,,0.0,,,0,0.0,,0.0,,,,0,0.0032069182593372414,0.0032069182593372414,0.0035274810000000003,0.0035274810000000003,0.0035274810000000003,0.0035274810000000003,,,,1.0,2,False,845,False,845,,,1,0,1323,1,2,1,0,0.00032056274066275876,0.0,,0,172788.69,329,1789103359
0xkgc,BFmgjdgepMxNnEyndQZC68Db3ajPdD3V8is1bQbdj4h4,GJ66hdTxR9ZcrZr5HrMw3dTU2dp12HZg8SwFVc5Mpump,ktw,1789163086,False,20175.26,1901,949,849,634,1789163086,3EaCPLCSjovw4iFLBBbVovLa5inzJd1y8yksQUzNkzrGZc3fhT3YPvKSzuBLxMVSnfuMvj7wwrPWXpc5FVF5wNH2,0,2.9687763340000006,96583719.241621,0.096583719241621,6,400000.0,320,0.3749554247664041,516,SleepyyMike,2,1.975308638,1242,1.50609332,,,,0,157.884083819,296.0868201323821,74.74192383,160.852860153,283.93508471128257,301.12967053538216,609,1.9689627045485414e-07,6.405660772602315,0.8004555574525684,81,False,1749,False,1749,,,1794,107,0,244,4,2,2,3.0675417650000005,2.222972082,"SleepyyMike,stellanyang",2,20175.26,27,1789163086
0xkgc,BFmgjdgepMxNnEyndQZC68Db3ajPdD3V8is1bQbdj4h4,6vMD867wb8CeBVGQJmidkpEKsAQmPHxfu6MdN5sogGG5,BIKESON,1789175511,True,227045.12,624,2,0,2,1789175511,,0,0.0003227853313486056,113675096.836372,0.113675096836372,1,35000.0,,0.0,,,0,0.0,,0.0,,,,0,0.0025067746686513945,0.0025067746686513945,0.00282956,0.00282956,0.00282956,0.00282956,,,,1.0,2,False,1798,False,1798,,,1,0,623,1,1,1,0,0.0003227853313486056,0.0,,0,227045.12,62,1789175511
0xkgc,BFmgjdgepMxNnEyndQZC68Db3ajPdD3V8is1bQbdj4h4,6LobFdoniewPebgxCU6sN4pNVv4eCufUmWfeFtoApump,SlowRogan,1789209870,False,10223.62,1091,640,421,400,1789209870,4uL3kuTEsNCzxsgqUeLBw6rFHR8r8gkUceGtxavJ6YmFa4FjVpC8X2bJTjB3Ag5EwYScfnctnKmTF8g2SZwFP68s,0,2.474605511,81724864.10141,0.08172486410141,6,505000.0,,0.0,60,0xPromiser,1,0.098765431,,0.0,,,,0,78.730649787,173.24123718906688,44.271573167999996,81.304020729,124.961254478,175.8146081310669,298,9.860667185353664e-08,3.256525866810216,0.5502640076226122,117,False,1771,False,1771,,,1060,31,0,122,1,1,0,2.474605511,0.0,0xPromiser,0,10223.62,29,1789209870
0xkgc,BFmgjdgepMxNnEyndQZC68Db3ajPdD3V8is1bQbdj4h4,DeKfT7hCsGramofinfmiqRhgToyQX9Y49gTsxqtBpump,K-Train,1789222712,False,9781.2584,1042,541,436,355,1789222712,3GtcdsdmMZT5e1yPak9roFcy8gJgK4g1tAyg2GdvazUEAytwtummBcBMHZj6w3eEVQMhM2mbWqxnq2SziB8DoWjg,0,1.683589712,56975585.884725,0.056975585884725,12,505000.0,,0.0,,,0,0.0,,0.0,,,,0,73.75274429800001,136.90212365000002,45.87130826800001,75.43633401000001,120.397541335,138.58571336200004,117,9.587098201465309e-08,3.24443974128347,0.6799471514583708,62,False,1796,False,1796,,,976,66,0,71,1,1,0,1.683589712,0.0,,0,9781.2584,12,1789222712
0xkgc,BFmgjdgepMxNnEyndQZC68Db3ajPdD3V8is1bQbdj4h4,Dnek5HkQvZ5FHh7eNLroa24fKN68rTeNmcP8HDC9pump,COMMUNISM,1789233309,False,26067.615,1871,1003,811,600,1789233309,fH1HdaLqPNM454PdJtwi9qiXiBvq44WtGB6Lp7T2xPG7zKoeTKW6pNGAdxuHvCsETRzVHef9HLypC9SfMnMNUt4,0,1.955554033,65622857.081287,0.065622857081287,1,396706.5,1169,0.5000000000000077,,,0,0.0,,0.0,,,,0,52.812171397,303.9288094681224,32.385952012999994,54.76772543,254.414163002,305.8843635011225,649,2.5497207158150427e-07,8.556140884250746,0.5519902856358165,118,False,1790,False,1790,,,1811,60,0,258,2,1,1,1.955554033,2.73124855,,0,26067.615,33,1789233309
0xkgc,BFmgjdgepMxNnEyndQZC68Db3ajPdD3V8is1bQbdj4h4,HLto2rcTRb6acW2hjNjJQtvGFPZhEsLXHQyEwW7Cpump,ZEC,1789240989,True,263461.27,2712,1667,1053,797,1789240989,ZjeeaAoSCmTz4yEsErmxDHJqWTS8ABSMQvESyb5abPQjsG2GfCW8nyYcQFqYpgyWShuFdp7a6TPMea8Aun3o15s,0,2.8777320325821925,70944311.933408,0.07094431193340801,2,11000.0,,0.0,,,0,0.0,409,2.0566762981456286,,,,0,108.74719495517328,417.24973080517395,19.523070887769393,111.62492698775547,342.5156801686867,420.1274628377561,455,3.3270720660760643e-07,8.202182684425708,0.4104404783063146,261,False,1799,False,1799,A7bdiYdS5GjqGFtxf17ppRHtDKPkkRqbKtR27dxvQXaS,0.09013123126852254,2712,0,0,337,1,1,0,2.8777320325821925,0.0,,1,263461.27,234,1789240989
0xkgc,BFmgjdgepMxNnEyndQZC68Db3ajPdD3V8is1bQbdj4h4,HGFnfigHDML7USjvY6tfTn6cQxtfFpnX6cMfkFoFmaMe,RIPASS,1789393838,False,66662.67900011958,1610,2,0,2,1789393838,,0,0.0002510906795185546,88495543.639728,0.08849554363972799,1,35000.0,,0.0,,,0,0.0,,0.0,,,,0,0.0025784693204814455,0.0025784693204814455,0.00282956,0.00282956,0.00282956,0.00282956,,,,1.0,2,False,1800,False,1800,,,1,0,1609,1,1,1,0,0.0002510906795185546,0.0,,0,66662.67900011958,239,1789393838
