dev,mark,column,hits_n,hits_med,hits_p25,hits_p75,miss_n,miss_med,miss_p25,miss_p75
0xkgc,1m,dev_supply_share,7,0.066401601740007,0.0503367790690075,0.0807827181781925,40,0.034271956398007994,0.034271956398007994,0.0572316958087405
0xkgc,1m,dev_first_buy_sol,7,1.980528808,1.486022403,2.885953927919317,40,0.991515998,0.991515998,1.8227179202500001
0xkgc,1m,dev_same_slot_buyers,7,2.0,0.5,2.0,40,2.0,1.0,4.0
0xkgc,1m,dev_fee_first_tx,7,505000.0,35000.0,505000.0,40,505000.0,180479.0,505000.0
0xkgc,1m,dev_fee_med_60s,7,505000.0,35000.0,505000.0,40,505000.0,352302.75,505000.0
0xkgc,1m,dev_fee_lamports_med,7,400000.0,27714.5,452500.0,40,452500.0,400000.0,505000.0
0xkgc,1m,dev_sold_share_60s,7,0.0,0.0,0.0,40,0.0,0.0,0.0
0xkgc,1m,sol_in_1m,7,22.09736371253417,19.6482344563847,24.552902254296736,40,15.470644399231116,9.56077500825,25.466167554789802
0xkgc,1m,sol_out_1m,7,8.796383362632827,7.122396679451992,15.412786506,40,10.2355275155,5.0927450512500005,16.837267477250002
0xkgc,1m,net_sol_1m,7,12.229502408820501,9.0164680205,14.569489092480328,40,6.439038387692094,3.8128841509281286,14.569311716999996
0xkgc,1m,n_buys_1m,7,42.0,40.0,53.5,40,42.5,25.75,63.5
0xkgc,1m,n_wallets_1m,7,38.0,35.5,51.5,40,40.0,23.0,60.0
0xkgc,1m,member_buy_sol_1m,7,0.0,0.0,0.0,40,0.0,0.0,0.0
0xkgc,1m,outside_buy_sol_1m,7,19.203187889277732,17.7136866215936,21.37828198786737,40,14.115689216,8.56925901025,23.88583516121028
0xkgc,1m,top10_share_1m,7,0.8570355491248175,0.7789260786484598,0.9131901088822194,40,0.9095048702041701,0.7507461756941475,0.9754064550338355
0xkgc,1m,n_net_long_1m,7,26.0,22.5,30.5,40,22.5,15.75,40.5
0xkgc,1m,mult_30s,7,1.6548950890300236,1.4613661064635197,1.9244410714226734,40,1.3138429892764338,1.187770552666897,1.7994914269108961
0xkgc,1m,mult_60s,7,1.7401929875694389,1.5507249354225356,1.9659102002752413,40,1.3177651635013583,1.2005357860633892,1.9021589888440005
0xkgc,1m,dev_sold_by_60s (share true),7,0.0,,,40,0.025,,
0xkgc,1m,member_buy_by_1m (share true),7,0.0,,,40,0.05,,
0xkgc,5m,dev_sold_share_120s,7,0.0,0.0,0.0,40,0.0,0.0,0.0
0xkgc,5m,dev_sold_share_300s,7,0.0,0.0,0.0,40,0.0,0.0,0.0
0xkgc,5m,sol_in_5m,7,58.961061887672486,35.926461291931574,86.77865922487774,40,24.472380903050748,14.11721986525,57.465396154000004
0xkgc,5m,sol_out_5m,7,26.09231897082437,19.23547715074116,58.029233807917755,40,15.952800650257828,9.883563881489618,37.971112567249996
0xkgc,5m,net_sol_5m,7,27.44295016338082,12.251896898500007,35.90140903638404,40,6.6865937925,4.186952997000001,19.2614715106763
0xkgc,5m,n_buys_5m,7,117.0,77.0,293.0,40,58.5,50.0,174.5
0xkgc,5m,n_wallets_5m,7,101.0,67.5,173.5,40,56.0,44.75,146.5
0xkgc,5m,member_buy_sol_5m,7,0.0,0.0,0.0,40,0.0,0.0,0.0
0xkgc,5m,member_buyers_5m,7,0.0,0.0,0.0,40,0.0,0.0,0.0
0xkgc,5m,outside_buy_sol_5m,7,56.06688606441605,33.246423611002214,84.34459053358665,40,22.528024584396682,13.125703867250001,55.45420146225
0xkgc,5m,top10_share_5m,7,0.6295498266274978,0.4766948254688902,0.8269072259626717,40,0.9627094305270469,0.6370201315087797,1.0
0xkgc,5m,n_net_long_5m,7,60.0,29.0,116.0,40,16.5,8.0,64.75
0xkgc,5m,mult_120s,7,1.941744117244834,1.707367072598648,2.3256375398072295,40,1.4079363050945315,1.2272996318458473,1.8659001557733055
0xkgc,5m,mult_300s,7,2.6617232709348975,1.9492614632264345,4.159588312755217,40,1.4670573942359446,1.2705989532262583,2.230133994133041
0xkgc,5m,dev_sold_by_120s (share true),7,0.0,,,40,0.025,,
0xkgc,5m,dev_sold_by_300s (share true),7,0.0,,,40,0.1,,
0xkgc,5m,member_buy_by_5m (share true),7,0.14285714285714285,,,40,0.075,,
gampsito,1m,dev_supply_share,6,0.15166077733404498,0.15166077733404498,0.1706574623387225,10,0.176989690673615,0.15166077733404498,0.176989690673615
gampsito,1m,dev_first_buy_sol,6,4.940213444,4.940213444,5.68095418475,10,5.9277802985,4.940213444,5.927867765
gampsito,1m,dev_same_slot_buyers,6,7.0,6.25,7.75,10,5.5,3.25,11.0
gampsito,1m,dev_fee_first_tx,6,5000.0,5000.0,5000.0,10,5000.0,5000.0,5000.0
gampsito,1m,dev_fee_med_60s,6,75687.5,51640.5,774775.0,10,55087.25,47147.75,72690.25
gampsito,1m,dev_fee_lamports_med,6,90480.5,59671.5,774775.0,10,55087.25,47147.75,69049.75
gampsito,1m,dev_sold_share_60s,6,1.0,1.0,1.0,10,0.9999999999999999,0.9999999999999998,1.0
gampsito,1m,sol_in_1m,6,109.50988504899999,49.634531248,122.487271693,10,70.44848122,37.93119292625,114.89763581100001
gampsito,1m,sol_out_1m,6,88.11114856649999,44.0712564135,90.74545613475,10,64.6454613155,36.96383216875,100.58164256327149
gampsito,1m,net_sol_1m,6,17.572108705000012,5.563274834500001,25.971744627250004,10,3.201162698500017,1.4639727760000074,13.202234719750003
gampsito,1m,n_buys_1m,6,181.5,63.5,235.0,10,130.5,66.0,203.75
gampsito,1m,n_wallets_1m,6,154.0,57.0,170.75,10,109.5,58.25,172.5
gampsito,1m,member_buy_sol_1m,6,0.0,0.0,0.0,10,0.0,0.0,0.0
gampsito,1m,outside_buy_sol_1m,6,104.569671605,43.45974990275,117.30014466875001,10,64.520613455,32.99097948225,108.969768046
gampsito,1m,top10_share_1m,6,0.5708770431081835,0.43880108675939733,0.9046518559494178,10,0.9297039817844737,0.6553647379975307,1.0
gampsito,1m,n_net_long_1m,6,58.0,20.5,68.5,10,21.5,6.25,40.0
gampsito,1m,mult_30s,6,2.8119219106374365,1.300879700864784,3.5942279707607305,10,1.2999703573117607,1.031967461454541,1.93689201753216
gampsito,1m,mult_60s,6,2.224227232096619,1.2341021262201695,2.8684257173720313,10,1.0332924243372903,0.9493586620021656,1.7191263492911746
gampsito,1m,dev_sold_by_60s (share true),6,1.0,,,10,1.0,,
gampsito,1m,member_buy_by_1m (share true),6,0.0,,,10,0.0,,
gampsito,5m,dev_sold_share_120s,6,1.0,1.0,1.0,10,0.9999999999999999,0.9999999999999998,1.0
gampsito,5m,dev_sold_share_300s,6,1.0,1.0,1.0,10,0.9999999999999999,0.9999999999999998,1.0
gampsito,5m,sol_in_5m,6,181.607410723,68.789982098,224.23549627124999,10,75.7298417395,37.958081814749995,124.86001402625
gampsito,5m,sol_out_5m,6,153.78787599449998,61.50475730149999,189.462281662,10,73.80669223499999,37.811870889750004,117.21578948375
gampsito,5m,net_sol_5m,6,27.819534728500003,6.694743781249998,35.430984036000005,10,0.6343500475000106,0.18732057599999674,9.84870270150001
gampsito,5m,n_buys_5m,6,367.5,104.0,528.25,10,160.0,66.5,273.25
gampsito,5m,n_wallets_5m,6,240.0,75.75,313.5,10,121.5,58.75,209.0
gampsito,5m,member_buy_sol_5m,6,0.0,0.0,0.0,10,0.0,0.0,0.0
gampsito,5m,member_buyers_5m,6,0.0,0.0,0.0,10,0.0,0.0,0.0
gampsito,5m,outside_buy_sol_5m,6,176.667197279,62.12137359225001,219.5421964075,10,69.8019739745,33.017868370749994,118.9248129285
gampsito,5m,top10_share_5m,5,0.46984265625457367,0.36240391965655633,0.4730678235132842,9,0.99911332156832,0.7252380454894212,1.0
gampsito,5m,n_net_long_5m,6,73.5,20.0,116.5,10,7.0,1.25,30.25
gampsito,5m,mult_120s,6,3.0433991220418712,1.3713372409769784,4.3242642188131795,10,0.9575376692653517,0.9043221710951452,1.783921210804323
gampsito,5m,mult_300s,6,2.8780591694033815,1.3981644181058512,3.9353667544858437,10,0.9575376692653517,0.9019978268331876,1.4050408349985468
gampsito,5m,dev_sold_by_120s (share true),6,1.0,,,10,1.0,,
gampsito,5m,dev_sold_by_300s (share true),6,1.0,,,10,1.0,,
gampsito,5m,member_buy_by_5m (share true),6,0.0,,,10,0.0,,
hashbergers,1m,dev_supply_share,2,0.2505574510749835,0.12563174410071876,0.37548315804924826,10,0.034199203154141,0.034199203154141,0.034199203154141
hashbergers,1m,dev_first_buy_sol,2,13.1207556025,6.571225263750001,19.67028594125,10,0.9891228799999999,0.9891228799999999,0.9891228799999999
hashbergers,1m,dev_same_slot_buyers,2,5.5,2.75,8.25,10,1.0,0.0,2.5
hashbergers,1m,dev_fee_first_tx,2,98462.0,51731.0,145193.0,10,293953.0,141917.25,396912.25
hashbergers,1m,dev_fee_med_60s,2,98462.0,51731.0,145193.0,10,194207.0,71333.625,212685.5
hashbergers,1m,dev_fee_lamports_med,2,313194.0,252559.0,373829.0,10,146860.0,65663.25,205256.75
hashbergers,1m,dev_sold_share_60s,2,0.0,0.0,0.0,10,1.0,1.0,1.0
hashbergers,1m,sol_in_1m,2,120.49641856999999,70.34383695,170.64900018999998,10,6.0526872,2.74065540325,7.0313186309999995
hashbergers,1m,sol_out_1m,2,70.98420063649998,42.54419486924999,99.42420640374996,10,3.1641398225,1.9197273645,6.238683545500001
hashbergers,1m,net_sol_1m,2,49.51221793350001,27.799642080750008,71.22479378625002,10,0.7198262290000003,0.37410304074999984,2.221839952750001
hashbergers,1m,n_buys_1m,2,120.0,90.5,149.5,10,7.5,4.25,14.0
hashbergers,1m,n_wallets_1m,2,94.0,74.5,113.5,10,7.5,4.25,13.75
hashbergers,1m,member_buy_sol_1m,2,0.4939259255,0.24696296275,0.74088888825,10,0.0,0.0,0.0
hashbergers,1m,outside_buy_sol_1m,2,106.88173704200001,63.525648723500005,150.2378253605,10,4.028155630500001,1.28158439125,5.21172286925
hashbergers,1m,top10_share_1m,2,0.8733083748876416,0.8314638506075779,0.9151528991677051,10,1.0,1.0,1.0
hashbergers,1m,n_net_long_1m,2,56.0,36.5,75.5,10,2.0,1.25,6.75
hashbergers,1m,mult_30s,2,4.273390024840358,2.8790221884784746,5.667757861202243,10,1.114353521350404,1.0081587272723251,1.2086235055830494
hashbergers,1m,mult_60s,2,7.130490746861508,4.214780470842349,10.046201022880666,10,1.0742698544230587,0.9951736050878729,1.2086235055830494
hashbergers,1m,dev_sold_by_60s (share true),2,0.0,,,10,1.0,,
hashbergers,1m,member_buy_by_1m (share true),2,0.5,,,10,0.0,,
hashbergers,5m,dev_sold_share_120s,2,0.0,0.0,0.0,10,1.0,1.0,1.0
hashbergers,5m,dev_sold_share_300s,2,0.0,0.0,0.0,10,1.0,1.0,1.0
hashbergers,5m,sol_in_5m,2,310.8062038225,169.33446174025002,452.27794590475,10,10.198793894999998,3.258359748,15.923324220999998
hashbergers,5m,sol_out_5m,2,226.5316393355,126.00811256025,327.05516611075,10,8.263440059,2.9547608105000003,15.497814838999998
hashbergers,5m,net_sol_5m,2,84.274564487,43.32634918000001,125.22277979400002,10,0.4031110669999999,0.0019418487499996417,1.797206279750002
hashbergers,5m,n_buys_5m,2,438.0,260.5,615.5,10,14.5,4.25,37.75
hashbergers,5m,n_wallets_5m,2,288.0,180.5,395.5,10,14.5,4.25,35.5
hashbergers,5m,member_buy_sol_5m,2,0.989229929,0.4946149645,1.4838448935,10,0.0,0.0,0.0
hashbergers,5m,member_buyers_5m,2,0.5,0.25,0.75,10,0.0,0.0,0.0
hashbergers,5m,outside_buy_sol_5m,2,296.69621829100004,162.26862151199998,431.12381507000003,10,6.500469597,1.28158439125,14.637689095749998
hashbergers,5m,top10_share_5m,2,0.8627190190559966,0.7954753993100168,0.9299626388019764,6,1.0,0.9964919647286395,1.0
hashbergers,5m,n_net_long_5m,2,174.5,93.25,255.75,10,1.0,0.0,7.5
hashbergers,5m,mult_120s,2,8.034777857428445,4.769988306731471,11.29956740812542,10,1.075991760537035,0.9951736050878729,1.3319310664360142
hashbergers,5m,mult_300s,2,19.325305450480343,10.41525210325742,28.235358797703267,10,1.075991760537035,0.9951736050878729,1.3484120702718245
hashbergers,5m,dev_sold_by_120s (share true),2,0.0,,,10,1.0,,
hashbergers,5m,dev_sold_by_300s (share true),2,0.0,,,10,1.0,,
hashbergers,5m,member_buy_by_5m (share true),2,0.5,,,10,0.0,,
jester,1m,dev_supply_share,7,0.099948051904475,0.0759373540125,0.205077301925138,20,0.121834857595336,0.03431724861869,0.2
jester,1m,dev_first_buy_sol,7,3.08295004,2.2893260365,9.130916791718278,20,3.9412642210265947,1.4925932796483607,6.874391153
jester,1m,dev_same_slot_buyers,7,0.0,0.0,3.0,20,2.0,0.0,2.5
jester,1m,dev_fee_first_tx,7,8500.0,8500.0,505000.0,20,35000.0,5000.0,355000.0
jester,1m,dev_fee_med_60s,7,323939.5,8500.0,633890.0,19,502500.0,141843.5,916077.5
jester,1m,dev_fee_lamports_med,7,356222.5,164094.75,505000.0,20,502500.0,314580.5,1000000.0
jester,1m,dev_sold_share_60s,7,0.292093631314177,0.0,0.8836104632959836,19,0.7926399999999906,0.25,1.0
jester,1m,sol_in_1m,7,48.097555879,33.445805345,91.29602847921282,20,34.74378694725634,28.0879702835,60.89627784675
jester,1m,sol_out_1m,7,18.616180818,9.413478782000002,30.44972989384564,20,23.555168147499998,15.0553910865,30.50189499511591
jester,1m,net_sol_1m,7,29.472679807,12.661590384500004,49.71693206386718,20,10.945195660500001,4.95859496,19.62902879568164
jester,1m,n_buys_1m,7,51.0,33.5,99.5,20,56.0,35.25,88.25
jester,1m,n_wallets_1m,7,50.0,25.5,83.0,20,44.0,28.5,80.25
jester,1m,member_buy_sol_1m,7,0.0,0.0,0.0,20,0.0,0.0,0.0
jester,1m,outside_buy_sol_1m,7,28.28220907,17.425438528,57.0535793125,20,26.604065925964445,17.40227339825,43.58284900975001
jester,1m,top10_share_1m,7,0.8106813029872088,0.6331950073772137,0.9163102035013297,20,0.9485603552557693,0.7236070441253515,1.0
jester,1m,n_net_long_1m,7,27.0,16.5,53.0,20,14.5,9.0,32.5
jester,1m,mult_30s,7,2.398059102942785,1.5030627402905838,2.4084225130261476,20,1.5647691188250579,1.396378428965053,1.8665136370607367
jester,1m,mult_60s,7,2.5637099241414334,1.8827247431093233,3.352109112199998,20,1.476215548400078,1.1610501481325646,2.136599089020876
jester,1m,dev_sold_by_60s (share true),7,0.5714285714285714,,,20,0.7,,
jester,1m,member_buy_by_1m (share true),7,0.14285714285714285,,,20,0.1,,
jester,5m,dev_sold_share_120s,7,0.7672209265919673,0.20446554191992386,1.0,19,0.85,0.2999999999999955,1.0
jester,5m,dev_sold_share_300s,7,0.7672209265919673,0.20446554191992386,1.0,19,1.0,0.6749999999999955,1.0
jester,5m,sol_in_5m,7,98.244138459,47.36952257649999,172.23669993679016,20,52.413800269999996,37.608647690249995,95.6812146217356
jester,5m,sol_out_5m,7,38.197079772,16.240814550499998,83.29956533210512,20,43.2666139665,27.914041345750004,72.62702051695103
jester,5m,net_sol_5m,7,39.031711471999984,21.105544941,57.82608853710187,20,3.578559619111683,1.622827406838418,25.921622951535536
jester,5m,n_buys_5m,7,83.0,53.5,215.5,20,90.5,46.5,151.5
jester,5m,n_wallets_5m,7,69.0,42.0,157.5,20,70.5,38.75,113.25
jester,5m,member_buy_sol_5m,7,0.0,0.0,0.46635471450000004,20,0.0,0.0,0.0
jester,5m,member_buyers_5m,7,0.0,0.0,0.5,20,0.0,0.0,0.0
jester,5m,outside_buy_sol_5m,7,42.963590677999996,27.429688786,135.8836742204887,20,41.008273536000004,25.235897330249998,77.84742157124192
jester,5m,top10_share_5m,7,0.7764808623198692,0.41402166934918794,1.0,20,1.0,0.9137348923702551,1.0
jester,5m,n_net_long_5m,7,31.0,9.0,82.0,20,9.0,6.75,22.5
jester,5m,mult_120s,7,3.408408797118189,1.7748331276730909,3.8782242878895605,20,1.5516370944970082,1.135722681212624,1.887944993240524
jester,5m,mult_300s,7,3.5457117275822236,2.4055185115359494,4.8626910271859725,20,1.2717051886049795,1.015529583140221,2.40179590128577
jester,5m,dev_sold_by_120s (share true),7,0.7142857142857143,,,20,0.7,,
jester,5m,dev_sold_by_300s (share true),7,0.7142857142857143,,,20,0.75,,
jester,5m,member_buy_by_5m (share true),7,0.2857142857142857,,,20,0.15,,
mitch,1m,dev_supply_share,1,0.7923069,0.7923069,0.7923069,4,0.49781499051233347,0.35575401069518653,0.5979931365820175
mitch,1m,dev_first_buy_sol,1,84.682345621,84.682345621,84.682345621,4,26.501231920000002,16.50123192,40.00123192
mitch,1m,dev_same_slot_buyers,1,1.0,1.0,1.0,4,0.0,0.0,0.0
mitch,1m,dev_fee_first_tx,1,30000.0,30000.0,30000.0,4,114471.0,71250.0,317540.0
mitch,1m,dev_fee_med_60s,1,30000.0,30000.0,30000.0,4,114471.0,71250.0,317540.0
mitch,1m,dev_fee_lamports_med,1,30000.0,30000.0,30000.0,4,114471.0,71250.0,317540.0
mitch,1m,dev_sold_share_60s,1,0.0,0.0,0.0,4,0.0,0.0,0.0
mitch,1m,sol_in_1m,1,170.01265299599999,170.01265299599999,170.01265299599999,4,64.741060583,33.021220717000006,90.3285663905
mitch,1m,sol_out_1m,1,0.0,0.0,0.0,4,3.2809217774999997,1.5221249992499999,5.32197540625
mitch,1m,net_sol_1m,1,170.01265299599999,170.01265299599999,170.01265299599999,4,61.4601388055,31.499095717750002,85.00659098425
mitch,1m,n_buys_1m,1,4.0,4.0,4.0,4,16.0,10.75,22.25
mitch,1m,n_wallets_1m,1,4.0,4.0,4.0,4,15.0,9.25,22.25
mitch,1m,member_buy_sol_1m,1,0.0,0.0,0.0,4,0.0,0.0,0.0
mitch,1m,outside_buy_sol_1m,1,85.33030737499999,85.33030737499999,85.33030737499999,4,22.239828662999997,16.519988796999996,34.3273344705
mitch,1m,top10_share_1m,1,1.0,1.0,1.0,4,0.9805059977366833,0.9437321970981031,1.0
mitch,1m,n_net_long_1m,1,4.0,4.0,4.0,4,13.5,7.75,21.25
mitch,1m,mult_30s,1,1.590676274590961,1.590676274590961,1.590676274590961,4,3.2454445540597474,1.739560254792994,4.930601850725148
mitch,1m,mult_60s,1,1.590676274590961,1.590676274590961,1.590676274590961,4,3.7843714292871313,2.7034544068942568,4.930601850725148
mitch,1m,dev_sold_by_60s (share true),1,0.0,,,4,0.0,,
mitch,1m,member_buy_by_1m (share true),1,0.0,,,4,0.0,,
mitch,5m,dev_sold_share_120s,1,0.0,0.0,0.0,4,0.0,0.0,0.0
mitch,5m,dev_sold_share_300s,1,0.0,0.0,0.0,4,0.0,0.0,0.0
mitch,5m,sol_in_5m,1,170.01265299599999,170.01265299599999,170.01265299599999,4,91.118198245,72.83478808675,93.94159995925
mitch,5m,sol_out_5m,1,0.0,0.0,0.0,4,10.4389538355,6.901239106749999,14.90422207925
mitch,5m,net_sol_5m,1,170.01265299599999,170.01265299599999,170.01265299599999,4,81.31241338999999,60.59750485625,85.00659098425
mitch,5m,n_buys_5m,1,4.0,4.0,4.0,4,28.0,23.25,38.25
mitch,5m,n_wallets_5m,1,4.0,4.0,4.0,4,26.5,20.5,34.75
mitch,5m,member_buy_sol_5m,1,0.0,0.0,0.0,4,0.0,0.0,0.0
mitch,5m,member_buyers_5m,1,0.0,0.0,0.0,4,0.0,0.0,0.0
mitch,5m,outside_buy_sol_5m,1,85.33030737499999,85.33030737499999,85.33030737499999,4,43.11696632499999,24.08355616675,64.69036803924999
mitch,5m,top10_share_5m,1,1.0,1.0,1.0,4,0.9446394535999281,0.8799488350906268,0.998039578920658
mitch,5m,n_net_long_5m,1,4.0,4.0,4.0,4,19.5,10.25,30.75
mitch,5m,mult_120s,1,1.590676274590961,1.590676274590961,1.590676274590961,4,4.974197683375719,3.9012574867527867,5.588251203252778
mitch,5m,mult_300s,1,1.590676274590961,1.590676274590961,1.590676274590961,4,5.325438919759664,3.8127653883208437,6.475131075095205
mitch,5m,dev_sold_by_120s (share true),1,0.0,,,4,0.0,,
mitch,5m,dev_sold_by_300s (share true),1,0.0,,,4,0.0,,
mitch,5m,member_buy_by_5m (share true),1,0.0,,,4,0.0,,
